fiscal_year,payroll_number,agency_name,agency_start_date,work_location_borough,title_description,leave_status,base_salary,pay_basis,regular_hours,regular_gross_paid,ot_hours,total_ot_paid,total_other_pay,is_manager,is_violation
2025,740,DEPARTMENT OF EDUCATION ADMIN,4/4/2024,BRONX,COMMUNITY ASSISTANT,ACTIVE,37697,per Annum,1820,36531.83,2.5,74.94,10.75,FALSE,FALSE
2025,69,HRA/DEPT OF SOCIAL SERVICES,4/22/2024,BRONX,CLERICAL ASSOCIATE MOST MAYORAL AG,ACTIVE,38174,per Annum,1820,36994.13,165.75,4330.55,0,FALSE,FALSE
2025,69,HRA/DEPT OF SOCIAL SERVICES,2/12/2024,BRONX,CLERICAL ASSOCIATE MOST MAYORAL AG,ACTIVE,38174,per Annum,1820,36994.13,29.5,805.45,244.14,FALSE,FALSE
2025,56,POLICE DEPARTMENT,1/19/2024,BRONX,SCHOOL SAFETY AGENT,ACTIVE,39206,per Annum,2077.72,34569.86,221,5847.2,1520.65,FALSE,FALSE
2025,56,POLICE DEPARTMENT,6/21/2024,BRONX,SCHOOL SAFETY AGENT,ACTIVE,39206,per Annum,1996.57,36962,307,8446.04,1500,FALSE,FALSE
2025,56,POLICE DEPARTMENT,6/21/2024,BRONX,SCHOOL SAFETY AGENT,ACTIVE,39206,per Annum,1996.57,35924.44,405,10918.45,1518.78,FALSE,FALSE
2025,56,POLICE DEPARTMENT,6/21/2024,BRONX,SCHOOL SAFETY AGENT,ACTIVE,39206,per Annum,1996.57,36490.27,255.25,7022.64,1500,FALSE,FALSE
2025,56,POLICE DEPARTMENT,1/19/2024,BRONX,SCHOOL SAFETY AGENT,ACTIVE,39206,per Annum,2080,34281.65,125.25,3061.03,1616.99,FALSE,FALSE
2025,56,POLICE DEPARTMENT,6/21/2024,BRONX,SCHOOL SAFETY AGENT,ACTIVE,39206,per Annum,1996.57,36263.5,159,4383.65,1572.92,FALSE,FALSE
2025,56,POLICE DEPARTMENT,1/19/2024,BRONX,SCHOOL SAFETY AGENT,ACTIVE,39206,per Annum,2080,32692.87,199.25,5368.97,1507.3,FALSE,FALSE
2025,56,POLICE DEPARTMENT,6/21/2024,BRONX,SCHOOL SAFETY AGENT,ACTIVE,39206,per Annum,1996.57,36669.1,230.5,6393.49,1859.41,FALSE,FALSE
2025,56,POLICE DEPARTMENT,12/8/2023,BRONX,SCHOOL SAFETY AGENT,ACTIVE,39206,per Annum,1904,34665.37,480.25,13115.16,1505.1,FALSE,FALSE
2025,56,POLICE DEPARTMENT,1/19/2024,BRONX,SCHOOL SAFETY AGENT,ACTIVE,39206,per Annum,2080,37783.87,473.25,12849.42,1523.53,FALSE,FALSE
2025,56,POLICE DEPARTMENT,6/21/2024,BRONX,SCHOOL SAFETY AGENT,ACTIVE,39206,per Annum,1996.57,35809.51,346,9517.07,1572.92,FALSE,FALSE
2025,56,POLICE DEPARTMENT,6/21/2024,BRONX,SCHOOL SAFETY AGENT,ACTIVE,39206,per Annum,1996.57,37054.48,235,6479.9,1500,FALSE,FALSE
2025,56,POLICE DEPARTMENT,8/21/2018,BRONX,SCHOOL SAFETY AGENT,ACTIVE,39206,per Annum,2026.57,38322.64,238.75,6571.67,1583.43,FALSE,FALSE
2025,56,POLICE DEPARTMENT,6/21/2024,BRONX,SCHOOL SAFETY AGENT,ACTIVE,39206,per Annum,1996.57,37067.82,123.5,3400.21,1500,FALSE,FALSE
2025,56,POLICE DEPARTMENT,6/21/2024,BRONX,SCHOOL SAFETY AGENT,ACTIVE,39206,per Annum,1894,36496.44,400.25,11014.3,1489.32,FALSE,FALSE
2025,56,POLICE DEPARTMENT,6/21/2024,BRONX,SCHOOL SAFETY AGENT,ACTIVE,39206,per Annum,1996.57,35522.69,189.5,5099.61,1504.69,FALSE,FALSE
2025,56,POLICE DEPARTMENT,6/21/2024,BRONX,SCHOOL SAFETY AGENT,ACTIVE,39206,per Annum,1996.57,37072.38,178.5,4891.08,1572.92,FALSE,FALSE
2025,56,POLICE DEPARTMENT,6/21/2024,BRONX,SCHOOL SAFETY AGENT,ACTIVE,39206,per Annum,1996.57,37076.63,104.5,2877.22,1545.57,FALSE,FALSE
2025,56,POLICE DEPARTMENT,6/21/2024,BRONX,SCHOOL SAFETY AGENT,ACTIVE,39206,per Annum,1996.57,37026.44,471.5,12998.24,1500,FALSE,FALSE
2025,56,POLICE DEPARTMENT,6/21/2024,BRONX,SCHOOL SAFETY AGENT,ACTIVE,39206,per Annum,1996.57,36988.04,216,5963.01,1572.92,FALSE,FALSE
2025,56,POLICE DEPARTMENT,6/21/2024,BRONX,SCHOOL SAFETY AGENT,ACTIVE,39206,per Annum,1996.57,36988.04,151.75,4182.61,1632.17,FALSE,FALSE
2025,56,POLICE DEPARTMENT,6/21/2024,BRONX,SCHOOL SAFETY AGENT,ACTIVE,39206,per Annum,1996.57,36229.15,283.75,7828.18,1500,FALSE,FALSE
2025,56,POLICE DEPARTMENT,6/21/2024,BRONX,SCHOOL SAFETY AGENT,ACTIVE,39206,per Annum,1811.42,31065.31,37.25,1043.87,1564.86,FALSE,FALSE
2025,56,POLICE DEPARTMENT,6/21/2024,BRONX,SCHOOL SAFETY AGENT,ACTIVE,39206,per Annum,1996.57,35985.75,261,7191.95,1707.97,FALSE,FALSE
2025,56,POLICE DEPARTMENT,6/21/2024,BRONX,SCHOOL SAFETY AGENT,ACTIVE,39206,per Annum,1996.57,37072.38,242.75,6681.03,1500,FALSE,FALSE
2025,57,FIRE DEPARTMENT,6/3/2024,BRONX,EMERGENCY MEDICAL SPECIALIST-EMT,ACTIVE,39386,per Annum,2237.25,39818.66,38.75,1090.36,5283.36,FALSE,FALSE
2025,57,FIRE DEPARTMENT,6/3/2024,BRONX,EMERGENCY MEDICAL SPECIALIST-EMT,ACTIVE,39386,per Annum,2300,41125.12,108,2367.23,5792.23,FALSE,FALSE
2025,57,FIRE DEPARTMENT,6/3/2024,BRONX,EMERGENCY MEDICAL SPECIALIST-EMT,ACTIVE,39386,per Annum,2227.5,39825.69,259,7715.3,2678.84,FALSE,FALSE
2025,57,FIRE DEPARTMENT,1/29/2024,BRONX,EMERGENCY MEDICAL SPECIALIST-EMT,CEASED,39386,per Annum,840,14920.78,134,3683.4,1263.35,FALSE,FALSE
2025,57,FIRE DEPARTMENT,1/29/2024,BRONX,EMERGENCY MEDICAL SPECIALIST-EMT,CEASED,39386,per Annum,1168.25,21211.25,64.2,1439.71,2747.85,FALSE,FALSE
2025,57,FIRE DEPARTMENT,1/29/2024,BRONX,EMERGENCY MEDICAL SPECIALIST-EMT,CEASED,39386,per Annum,1688,31147.35,184,5269.24,4342.37,FALSE,FALSE
2025,57,FIRE DEPARTMENT,1/29/2024,BRONX,EMERGENCY MEDICAL SPECIALIST-EMT,CEASED,39386,per Annum,2074.75,37727.26,57,1137.63,5214.88,FALSE,FALSE
2025,57,FIRE DEPARTMENT,9/12/2023,BRONX,EMERGENCY MEDICAL SPECIALIST-EMT,CEASED,39386,per Annum,264,7.28,0,0,0.17,FALSE,FALSE
2025,57,FIRE DEPARTMENT,6/3/2024,BRONX,EMERGENCY MEDICAL SPECIALIST-EMT,ACTIVE,39386,per Annum,2235,39948.53,74.25,1921.96,4536.33,FALSE,FALSE
2025,57,FIRE DEPARTMENT,6/3/2024,BRONX,EMERGENCY MEDICAL SPECIALIST-EMT,ACTIVE,39386,per Annum,2236,39796.37,584.75,18561.2,5426.36,FALSE,FALSE
2025,57,FIRE DEPARTMENT,1/18/2022,BRONX,EMERGENCY MEDICAL SPECIALIST-EMT,CEASED,39386,per Annum,1485.97,26692.91,52.5,1033.58,4365.56,FALSE,FALSE
2025,57,FIRE DEPARTMENT,6/3/2024,BRONX,EMERGENCY MEDICAL SPECIALIST-EMT,ACTIVE,39386,per Annum,2268,37058.08,232,6548.48,3848.93,FALSE,FALSE
2025,57,FIRE DEPARTMENT,6/10/2019,BRONX,EMERGENCY MEDICAL SPECIALIST-EMT,ACTIVE,39386,per Annum,2295.65,41243.15,198.5,6872.17,5771.65,FALSE,FALSE
2025,57,FIRE DEPARTMENT,6/3/2024,BRONX,EMERGENCY MEDICAL SPECIALIST-EMT,ACTIVE,39386,per Annum,2097.5,39434.9,31.75,774.56,3390.73,FALSE,FALSE
2025,57,FIRE DEPARTMENT,5/22/2023,BRONX,EMERGENCY MEDICAL SPECIALIST-EMT,CEASED,39386,per Annum,168.75,3100.82,13,403.1,195.1,FALSE,FALSE
2025,57,FIRE DEPARTMENT,6/3/2024,BRONX,EMERGENCY MEDICAL SPECIALIST-EMT,ACTIVE,39386,per Annum,2152.5,38957.58,103,2966.58,5164.75,FALSE,FALSE
2025,57,FIRE DEPARTMENT,6/5/2023,BRONX,EMERGENCY MEDICAL SPECIALIST-EMT,ACTIVE,39386,per Annum,2295,41367.21,50,981.15,7709.53,FALSE,FALSE
2025,57,FIRE DEPARTMENT,9/12/2023,BRONX,EMERGENCY MEDICAL SPECIALIST-EMT,CEASED,39386,per Annum,1288.75,1060.66,0,14.36,211.55,FALSE,FALSE
2025,57,FIRE DEPARTMENT,6/3/2024,BRONX,EMERGENCY MEDICAL SPECIALIST-EMT,ACTIVE,39386,per Annum,2235,39972.25,145.5,3587.14,3881.95,FALSE,FALSE
2025,57,FIRE DEPARTMENT,6/3/2024,BRONX,EMERGENCY MEDICAL SPECIALIST-EMT,CEASED,39386,per Annum,1978.5,32471.23,144,4352.93,4460.03,FALSE,FALSE
2025,57,FIRE DEPARTMENT,1/29/2024,BRONX,EMERGENCY MEDICAL SPECIALIST-EMT,CEASED,39386,per Annum,168,2714.92,14.5,381.08,243.18,FALSE,FALSE
2025,57,FIRE DEPARTMENT,6/3/2024,BRONX,EMERGENCY MEDICAL SPECIALIST-EMT,ACTIVE,39386,per Annum,2231.5,40333.78,126.75,4032.43,5821.52,FALSE,FALSE
2025,57,FIRE DEPARTMENT,6/3/2024,BRONX,EMERGENCY MEDICAL SPECIALIST-EMT,ACTIVE,39386,per Annum,2235,39948.53,109.37,2528.84,5869.44,FALSE,FALSE
2025,57,FIRE DEPARTMENT,6/3/2024,BRONX,EMERGENCY MEDICAL SPECIALIST-EMT,ACTIVE,39386,per Annum,2224.25,40035.78,160.98,4655.62,4170.24,FALSE,FALSE
2025,57,FIRE DEPARTMENT,6/3/2024,BRONX,EMERGENCY MEDICAL SPECIALIST-EMT,ACTIVE,39386,per Annum,2308,40411.47,256.75,5756.22,4136.27,FALSE,FALSE
2025,57,FIRE DEPARTMENT,1/29/2024,BRONX,EMERGENCY MEDICAL SPECIALIST-EMT,CEASED,39386,per Annum,1134.5,16795.2,38.37,1030.82,2414.45,FALSE,FALSE
2025,57,FIRE DEPARTMENT,1/29/2024,BRONX,EMERGENCY MEDICAL SPECIALIST-EMT,CEASED,39386,per Annum,1508.97,27263.97,15.75,823.13,4432.63,FALSE,FALSE
2025,57,FIRE DEPARTMENT,6/3/2024,BRONX,EMERGENCY MEDICAL SPECIALIST-EMT,CEASED,39386,per Annum,2126.5,38534.63,0,113.7,3909.79,FALSE,FALSE
2025,57,FIRE DEPARTMENT,9/12/2023,BRONX,EMERGENCY MEDICAL SPECIALIST-EMT,CEASED,39386,per Annum,565,10463.03,59.5,1769.97,1667.8,FALSE,FALSE
2025,56,POLICE DEPARTMENT,1/23/2012,BRONX,SCHOOL SAFETY AGENT,ACTIVE,40502,per Annum,2080,38982.71,319.25,8987.8,1575.33,FALSE,FALSE
2025,56,POLICE DEPARTMENT,12/8/2023,BRONX,SCHOOL SAFETY AGENT,ACTIVE,40502,per Annum,2080,38357.74,265,7305.83,1578.63,FALSE,FALSE
2025,56,POLICE DEPARTMENT,12/8/2023,BRONX,SCHOOL SAFETY AGENT,ACTIVE,40502,per Annum,2080,38357.74,528.5,14624.34,1579.11,FALSE,FALSE
2025,56,POLICE DEPARTMENT,12/8/2023,BRONX,SCHOOL SAFETY AGENT,ACTIVE,40502,per Annum,2080,38357.74,612,16969.97,1648.25,FALSE,FALSE
2025,56,POLICE DEPARTMENT,12/8/2023,BRONX,SCHOOL SAFETY AGENT,ACTIVE,40502,per Annum,2080,37771.61,406.75,11070.08,1802.85,FALSE,FALSE
2025,56,POLICE DEPARTMENT,12/8/2023,BRONX,SCHOOL SAFETY AGENT,ACTIVE,40502,per Annum,2080,38357.74,360.5,10045.08,1513.93,FALSE,FALSE
2025,56,POLICE DEPARTMENT,12/8/2023,BRONX,SCHOOL SAFETY AGENT,ACTIVE,40502,per Annum,2080,38357.74,435.5,12046.88,1568.36,FALSE,FALSE
2025,56,POLICE DEPARTMENT,4/19/2023,BRONX,SCHOOL SAFETY AGENT,ACTIVE,40502,per Annum,2080,38982.71,381,10752.01,2089.37,FALSE,FALSE
2025,56,POLICE DEPARTMENT,4/19/2023,BRONX,SCHOOL SAFETY AGENT,ACTIVE,40502,per Annum,2080,38982.71,874.5,24504.78,1839.68,FALSE,FALSE
2025,56,POLICE DEPARTMENT,12/8/2023,BRONX,SCHOOL SAFETY AGENT,ACTIVE,40502,per Annum,2080,37897.41,167.75,4477.2,1510.61,FALSE,FALSE
2025,56,POLICE DEPARTMENT,12/14/2022,BRONX,SCHOOL SAFETY AGENT,ACTIVE,40502,per Annum,2080,27406.03,384.25,9659.64,1743.63,FALSE,FALSE
2025,56,POLICE DEPARTMENT,12/8/2023,BRONX,SCHOOL SAFETY AGENT,ACTIVE,40502,per Annum,2080,38357.74,103.25,2796.96,1505.31,FALSE,FALSE
2025,56,POLICE DEPARTMENT,11/2/2020,BRONX,SCHOOL SAFETY AGENT,ACTIVE,40502,per Annum,2080,38982.71,549,15491.68,1575.33,FALSE,FALSE
2025,56,POLICE DEPARTMENT,4/19/2023,BRONX,SCHOOL SAFETY AGENT,ACTIVE,40502,per Annum,2080,38982.71,218.75,6199.26,1725.99,FALSE,FALSE
2025,56,POLICE DEPARTMENT,12/8/2023,BRONX,SCHOOL SAFETY AGENT,ACTIVE,40502,per Annum,2080,38357.74,707,19838.24,2065.31,FALSE,FALSE
2025,56,POLICE DEPARTMENT,4/19/2023,BRONX,SCHOOL SAFETY AGENT,ACTIVE,40502,per Annum,2080,38982.71,378.25,10599.33,1575.33,FALSE,FALSE
2025,56,POLICE DEPARTMENT,4/19/2023,BRONX,SCHOOL SAFETY AGENT,ACTIVE,40502,per Annum,2080,38982.71,422.5,11878.2,1500,FALSE,FALSE
2025,56,POLICE DEPARTMENT,12/14/2022,BRONX,SCHOOL SAFETY AGENT,ACTIVE,40502,per Annum,2080,37194.67,840.5,23781.26,1731.58,FALSE,FALSE
2025,56,POLICE DEPARTMENT,12/8/2023,BRONX,SCHOOL SAFETY AGENT,ACTIVE,40502,per Annum,2080,38357.74,772,21395.09,1575.74,FALSE,FALSE
2025,56,POLICE DEPARTMENT,4/19/2023,BRONX,SCHOOL SAFETY AGENT,ACTIVE,40502,per Annum,2080,38982.71,350.25,9794.61,1706.69,FALSE,FALSE
2025,56,POLICE DEPARTMENT,4/19/2023,BRONX,SCHOOL SAFETY AGENT,ACTIVE,40502,per Annum,2080,38982.71,735,20672.81,1739.52,FALSE,FALSE
2025,56,POLICE DEPARTMENT,4/19/2023,BRONX,SCHOOL SAFETY AGENT,ACTIVE,40502,per Annum,2190.85,33027.57,20,533.68,1500,FALSE,FALSE
2025,56,POLICE DEPARTMENT,5/5/2023,BRONX,SCHOOL SAFETY AGENT,ACTIVE,40502,per Annum,2080,33372.31,87.5,2128.87,1552.26,FALSE,FALSE
2025,56,POLICE DEPARTMENT,4/19/2023,BRONX,SCHOOL SAFETY AGENT,ACTIVE,40502,per Annum,2080,38982.71,164,4554.79,1580.98,FALSE,FALSE
2025,56,POLICE DEPARTMENT,4/14/2016,BRONX,SCHOOL SAFETY AGENT,ACTIVE,40502,per Annum,2080,38982.71,824.5,23241.09,369.49,FALSE,FALSE
2025,56,POLICE DEPARTMENT,5/5/2023,BRONX,SCHOOL SAFETY AGENT,ACTIVE,40502,per Annum,2080,38982.71,792.5,22264.58,1648.31,FALSE,FALSE
2025,56,POLICE DEPARTMENT,12/8/2023,BRONX,SCHOOL SAFETY AGENT,ACTIVE,40502,per Annum,2080,38357.74,831.25,23147,1572.92,FALSE,FALSE
2025,56,POLICE DEPARTMENT,12/3/2021,BRONX,SCHOOL SAFETY AGENT,ACTIVE,40502,per Annum,2080,38982.71,11.25,312.86,175.33,FALSE,FALSE
2025,56,POLICE DEPARTMENT,5/5/2023,BRONX,SCHOOL SAFETY AGENT,ACTIVE,40502,per Annum,2080,38982.71,553.75,15593.73,1500,FALSE,FALSE
2025,56,POLICE DEPARTMENT,4/19/2023,BRONX,SCHOOL SAFETY AGENT,ACTIVE,40502,per Annum,2080,38982.71,439.25,12426.22,1575.33,FALSE,FALSE
2025,56,POLICE DEPARTMENT,5/12/2023,BRONX,SCHOOL SAFETY AGENT,ACTIVE,40502,per Annum,2080,38982.71,617.25,17407.94,1505.64,FALSE,FALSE
2025,827,DEPARTMENT OF SANITATION,8/28/2017,BRONX,SANITATION ENFORCEMENT AGENT,ACTIVE,40513,per Annum,2080,40076.09,33,1006.89,3663.03,FALSE,FALSE
2025,827,DEPARTMENT OF SANITATION,8/28/2017,BRONX,SANITATION ENFORCEMENT AGENT,ACTIVE,40513,per Annum,2080,40286.84,44,1323.15,3282.62,FALSE,FALSE
2025,56,POLICE DEPARTMENT,6/14/2010,BRONX,CLERICAL ASSOCIATE MOST MAYORAL AG,ACTIVE,40723,per Annum,1631,35380.2,44.5,1127.6,1615.86,FALSE,FALSE
2025,69,HRA/DEPT OF SOCIAL SERVICES,1/29/2024,BRONX,CLERICAL ASSOCIATE MOST MAYORAL AG,CEASED,40956,per Annum,280,4776.6,0,0,959.39,FALSE,FALSE
2025,827,DEPARTMENT OF SANITATION,8/21/2023,BRONX,CLERICAL ASSOCIATE MOST MAYORAL AG,CEASED,40956,per Annum,490,10618.12,28,734,246.31,FALSE,FALSE
2025,827,DEPARTMENT OF SANITATION,4/17/2017,BRONX,SANITATION ENFORCEMENT AGENT,ACTIVE,41138,per Annum,1640,30087.83,0,0,3411.14,FALSE,FALSE
2025,57,FIRE DEPARTMENT,6/3/2024,BRONX,EMERGENCY MEDICAL SPECIALIST-EMT,ACTIVE,41617,per Annum,2310,41310.43,251.5,6501.21,4965.32,FALSE,FALSE
2025,57,FIRE DEPARTMENT,5/22/2023,BRONX,EMERGENCY MEDICAL SPECIALIST-EMT,ACTIVE,41617,per Annum,2301.25,43152.7,58.25,3010.06,5949.83,FALSE,FALSE
2025,57,FIRE DEPARTMENT,1/29/2024,BRONX,EMERGENCY MEDICAL SPECIALIST-EMT,ACTIVE,41617,per Annum,2247.75,40416.12,98.25,3322.67,5128.76,FALSE,FALSE
2025,57,FIRE DEPARTMENT,1/29/2024,BRONX,EMERGENCY MEDICAL SPECIALIST-EMT,ACTIVE,41617,per Annum,2366.5,42312.97,505.5,14171.08,6616.39,FALSE,FALSE
2025,57,FIRE DEPARTMENT,5/22/2023,BRONX,EMERGENCY MEDICAL SPECIALIST-EMT,ACTIVE,41617,per Annum,2274.92,41762.57,209.67,5329.92,5679.01,FALSE,FALSE
2025,57,FIRE DEPARTMENT,6/3/2024,BRONX,EMERGENCY MEDICAL SPECIALIST-EMT,ACTIVE,41617,per Annum,2260.42,40127.24,196.98,5106.83,4227.35,FALSE,FALSE
2025,57,FIRE DEPARTMENT,5/22/2023,BRONX,EMERGENCY MEDICAL SPECIALIST-EMT,ACTIVE,41617,per Annum,2297.5,43117.5,45.75,2598.63,5986.68,FALSE,FALSE
2025,57,FIRE DEPARTMENT,1/29/2024,BRONX,EMERGENCY MEDICAL SPECIALIST-EMT,ACTIVE,41617,per Annum,2268,41306.37,72.5,2377.32,6252.71,FALSE,FALSE
2025,57,FIRE DEPARTMENT,2/13/2023,BRONX,EMERGENCY MEDICAL SPECIALIST-EMT,CEASED,41617,per Annum,1568,28346.24,181.75,5729.89,5313.21,FALSE,FALSE
2025,57,FIRE DEPARTMENT,5/22/2023,BRONX,EMERGENCY MEDICAL SPECIALIST-EMT,ON LEAVE,41617,per Annum,2166.5,39470.04,140,3344.24,6202.93,FALSE,FALSE
2025,57,FIRE DEPARTMENT,5/22/2023,BRONX,EMERGENCY MEDICAL SPECIALIST-EMT,ACTIVE,41617,per Annum,2306.5,42939.42,36.75,1223.35,7446.74,FALSE,FALSE
2025,57,FIRE DEPARTMENT,1/29/2024,BRONX,EMERGENCY MEDICAL SPECIALIST-EMT,ACTIVE,41617,per Annum,2370.25,41506.29,187.5,4781.54,5585.87,FALSE,FALSE
2025,57,FIRE DEPARTMENT,1/29/2024,BRONX,EMERGENCY MEDICAL SPECIALIST-EMT,ACTIVE,41617,per Annum,2297,41546.36,241.5,7614.09,4688.08,FALSE,FALSE
2025,57,FIRE DEPARTMENT,1/29/2024,BRONX,EMERGENCY MEDICAL SPECIALIST-EMT,ACTIVE,41617,per Annum,2332.75,41887.12,416.5,11712.03,4024.59,FALSE,FALSE
2025,57,FIRE DEPARTMENT,1/29/2024,BRONX,EMERGENCY MEDICAL SPECIALIST-EMT,ACTIVE,41617,per Annum,2360.5,41909.34,262,6395.54,5370.68,FALSE,FALSE
2025,57,FIRE DEPARTMENT,6/3/2024,BRONX,EMERGENCY MEDICAL SPECIALIST-EMT,ACTIVE,41617,per Annum,2292,41214.32,331.25,9494.92,6023.16,FALSE,FALSE
2025,57,FIRE DEPARTMENT,5/22/2023,BRONX,EMERGENCY MEDICAL SPECIALIST-EMT,ACTIVE,41617,per Annum,2296.25,41795.75,102.75,2068.42,4138.14,FALSE,FALSE
2025,57,FIRE DEPARTMENT,6/3/2024,BRONX,EMERGENCY MEDICAL SPECIALIST-EMT,ACTIVE,41617,per Annum,2304,41930.76,303.25,8087.94,6157.24,FALSE,FALSE
2025,57,FIRE DEPARTMENT,2/13/2023,BRONX,EMERGENCY MEDICAL SPECIALIST-EMT,CEASED,41617,per Annum,1400,25612.32,0,64.9,3052.42,FALSE,FALSE
2025,57,FIRE DEPARTMENT,5/22/2023,BRONX,EMERGENCY MEDICAL SPECIALIST-EMT,ACTIVE,41617,per Annum,2085.72,42469.66,7.5,291.57,3730.22,FALSE,FALSE
2025,57,FIRE DEPARTMENT,1/29/2024,BRONX,EMERGENCY MEDICAL SPECIALIST-EMT,ON LEAVE,41617,per Annum,1845,33184.33,93.73,1723.73,4964.89,FALSE,FALSE
2025,57,FIRE DEPARTMENT,9/12/2023,BRONX,EMERGENCY MEDICAL SPECIALIST-EMT,ACTIVE,41617,per Annum,2295,43488.92,120.5,2565.31,6563.03,FALSE,FALSE
2025,57,FIRE DEPARTMENT,5/22/2023,BRONX,EMERGENCY MEDICAL SPECIALIST-EMT,ACTIVE,41617,per Annum,2298,41618.8,57.75,2022.4,4949.51,FALSE,FALSE
2025,57,FIRE DEPARTMENT,9/12/2023,BRONX,EMERGENCY MEDICAL SPECIALIST-EMT,ACTIVE,41617,per Annum,2254.25,41662.42,28.65,432.62,7561.15,FALSE,FALSE
2025,57,FIRE DEPARTMENT,5/22/2023,BRONX,EMERGENCY MEDICAL SPECIALIST-EMT,ACTIVE,41617,per Annum,2385.5,44105.51,321,9583.93,9396.35,FALSE,FALSE
2025,57,FIRE DEPARTMENT,1/29/2024,BRONX,EMERGENCY MEDICAL SPECIALIST-EMT,ACTIVE,41617,per Annum,2305,41861.21,257,7087.26,4507.15,FALSE,FALSE
2025,57,FIRE DEPARTMENT,1/29/2024,BRONX,EMERGENCY MEDICAL SPECIALIST-EMT,ACTIVE,41617,per Annum,2297,41522.58,145.75,3618.61,7158.9,FALSE,FALSE
2025,57,FIRE DEPARTMENT,1/29/2024,BRONX,EMERGENCY MEDICAL SPECIALIST-EMT,ACTIVE,41617,per Annum,2297.5,41526.57,187.17,5521,5817.17,FALSE,FALSE
2025,57,FIRE DEPARTMENT,6/11/2018,BRONX,EMERGENCY MEDICAL SPECIALIST-EMT,ON LEAVE,41617,per Annum,602.25,7542.82,7.5,111.06,3114.79,FALSE,FALSE
2025,57,FIRE DEPARTMENT,9/12/2023,BRONX,EMERGENCY MEDICAL SPECIALIST-EMT,ACTIVE,41617,per Annum,2392,44568.53,123.5,2028.62,7177.55,FALSE,FALSE
2025,57,FIRE DEPARTMENT,1/29/2024,BRONX,EMERGENCY MEDICAL SPECIALIST-EMT,ACTIVE,41617,per Annum,2315.75,41765.92,1980.23,62348.37,7541.79,FALSE,FALSE
2025,57,FIRE DEPARTMENT,5/22/2023,BRONX,EMERGENCY MEDICAL SPECIALIST-EMT,ON LEAVE,41617,per Annum,1840.57,31967.6,157.25,4468.55,4751.22,FALSE,FALSE
2025,57,FIRE DEPARTMENT,9/12/2023,BRONX,EMERGENCY MEDICAL SPECIALIST-EMT,ACTIVE,41617,per Annum,2299.25,42289.85,262.75,7393.06,4683.57,FALSE,FALSE
2025,57,FIRE DEPARTMENT,1/29/2024,BRONX,EMERGENCY MEDICAL SPECIALIST-EMT,ACTIVE,41617,per Annum,2368.5,42559.7,199.75,4734.34,7775.84,FALSE,FALSE
2025,57,FIRE DEPARTMENT,1/29/2024,BRONX,EMERGENCY MEDICAL SPECIALIST-EMT,ACTIVE,41617,per Annum,2272.5,41182.8,280,8758.85,5487.37,FALSE,FALSE
2025,57,FIRE DEPARTMENT,1/29/2024,BRONX,EMERGENCY MEDICAL SPECIALIST-EMT,ACTIVE,41617,per Annum,2332,39874.26,132,3330.4,6113.45,FALSE,FALSE
2025,57,FIRE DEPARTMENT,5/22/2023,BRONX,EMERGENCY MEDICAL SPECIALIST-EMT,ACTIVE,41617,per Annum,2275.5,42436.53,62.5,1072.2,5752,FALSE,FALSE
2025,57,FIRE DEPARTMENT,1/29/2024,BRONX,EMERGENCY MEDICAL SPECIALIST-EMT,ACTIVE,41617,per Annum,2320.75,41323.33,258.5,7274.74,5661.79,FALSE,FALSE
2025,57,FIRE DEPARTMENT,1/29/2024,BRONX,EMERGENCY MEDICAL SPECIALIST-EMT,ACTIVE,41617,per Annum,2298.75,41385.15,426,13035.48,4640.34,FALSE,FALSE
2025,57,FIRE DEPARTMENT,5/22/2023,BRONX,EMERGENCY MEDICAL SPECIALIST-EMT,ACTIVE,41617,per Annum,2296.75,42294.87,66.75,1047.02,5673.22,FALSE,FALSE
2025,57,FIRE DEPARTMENT,1/29/2024,BRONX,EMERGENCY MEDICAL SPECIALIST-EMT,ACTIVE,41617,per Annum,2401,38797.07,183.12,3910.31,7511.87,FALSE,FALSE
2025,57,FIRE DEPARTMENT,9/12/2023,BRONX,EMERGENCY MEDICAL SPECIALIST-EMT,ON LEAVE,41617,per Annum,2201.75,40955.46,169,4310.45,5334.08,FALSE,FALSE
2025,57,FIRE DEPARTMENT,1/29/2024,BRONX,EMERGENCY MEDICAL SPECIALIST-EMT,ON LEAVE,41617,per Annum,2250,32851.27,226.75,5913,3788.41,FALSE,FALSE
2025,57,FIRE DEPARTMENT,5/22/2023,BRONX,EMERGENCY MEDICAL SPECIALIST-EMT,ACTIVE,41617,per Annum,2297.5,43052.25,170.58,4546.76,6093.22,FALSE,FALSE
2025,57,FIRE DEPARTMENT,5/22/2023,BRONX,EMERGENCY MEDICAL SPECIALIST-EMT,ACTIVE,41617,per Annum,2290.5,42059.85,73,2711.08,5912.45,FALSE,FALSE
2025,57,FIRE DEPARTMENT,2/13/2023,BRONX,EMERGENCY MEDICAL SPECIALIST-EMT,CEASED,41617,per Annum,852,15674.84,9,312.02,3604.13,FALSE,FALSE
2025,57,FIRE DEPARTMENT,5/22/2023,BRONX,EMERGENCY MEDICAL SPECIALIST-EMT,ACTIVE,41617,per Annum,2207.5,41933.93,205.5,6658.66,5338.47,FALSE,FALSE
2025,57,FIRE DEPARTMENT,6/3/2024,BRONX,EMERGENCY MEDICAL SPECIALIST-EMT,ACTIVE,41617,per Annum,2249.75,40789.6,178.25,4869.28,5439.41,FALSE,FALSE
2025,57,FIRE DEPARTMENT,9/12/2023,BRONX,EMERGENCY MEDICAL SPECIALIST-EMT,ACTIVE,41617,per Annum,2289.5,42946.51,4,1107.07,6212.87,FALSE,FALSE
2025,57,FIRE DEPARTMENT,9/12/2023,BRONX,EMERGENCY MEDICAL SPECIALIST-EMT,ACTIVE,41617,per Annum,2319.5,42366.49,138.5,4659.92,6159.25,FALSE,FALSE
2025,57,FIRE DEPARTMENT,1/29/2024,BRONX,EMERGENCY MEDICAL SPECIALIST-EMT,ACTIVE,41617,per Annum,2293.75,41454.78,65.25,2849.32,5692.14,FALSE,FALSE
2025,57,FIRE DEPARTMENT,1/29/2024,BRONX,EMERGENCY MEDICAL SPECIALIST-EMT,ACTIVE,41617,per Annum,2345.5,42449.32,213.75,5381.43,4939.34,FALSE,FALSE
2025,57,FIRE DEPARTMENT,1/29/2024,BRONX,EMERGENCY MEDICAL SPECIALIST-EMT,ACTIVE,41617,per Annum,2233.5,39911.83,184,4775.03,4332.56,FALSE,FALSE
2025,57,FIRE DEPARTMENT,9/12/2023,BRONX,EMERGENCY MEDICAL SPECIALIST-EMT,ACTIVE,41617,per Annum,2293.5,43782.23,439,14327.5,5544.4,FALSE,FALSE
2025,57,FIRE DEPARTMENT,1/29/2024,BRONX,EMERGENCY MEDICAL SPECIALIST-EMT,ACTIVE,41617,per Annum,2297.25,41527.17,106,2045.77,6859.52,FALSE,FALSE
2025,57,FIRE DEPARTMENT,1/29/2024,BRONX,EMERGENCY MEDICAL SPECIALIST-EMT,ACTIVE,41617,per Annum,2293.75,42022.88,92,1608.29,6978.74,FALSE,FALSE
2025,57,FIRE DEPARTMENT,5/22/2023,BRONX,EMERGENCY MEDICAL SPECIALIST-EMT,ACTIVE,41617,per Annum,2290,43516.78,80,2008.17,6394.58,FALSE,FALSE
2025,57,FIRE DEPARTMENT,9/12/2023,BRONX,EMERGENCY MEDICAL SPECIALIST-EMT,ACTIVE,41617,per Annum,2296.75,41632.34,145.25,3981.56,4738.52,FALSE,FALSE
2025,57,FIRE DEPARTMENT,5/22/2023,BRONX,EMERGENCY MEDICAL SPECIALIST-EMT,ACTIVE,41617,per Annum,2341.25,43812.4,259.25,7149.29,5792.01,FALSE,FALSE
2025,57,FIRE DEPARTMENT,1/29/2024,BRONX,EMERGENCY MEDICAL SPECIALIST-EMT,ACTIVE,41617,per Annum,2400,43013.89,273.25,5854.34,5442.44,FALSE,FALSE
2025,57,FIRE DEPARTMENT,9/12/2023,BRONX,EMERGENCY MEDICAL SPECIALIST-EMT,ACTIVE,41617,per Annum,2330.75,43494.64,157.75,4276.28,5698.49,FALSE,FALSE
2025,57,FIRE DEPARTMENT,1/29/2024,BRONX,EMERGENCY MEDICAL SPECIALIST-EMT,ACTIVE,41617,per Annum,2295,41882.85,364.5,11208.74,4899.23,FALSE,FALSE
2025,57,FIRE DEPARTMENT,5/22/2023,BRONX,EMERGENCY MEDICAL SPECIALIST-EMT,ACTIVE,41617,per Annum,2309.82,41185.02,113.25,4218.07,5667.28,FALSE,FALSE
2025,57,FIRE DEPARTMENT,1/29/2024,BRONX,EMERGENCY MEDICAL SPECIALIST-EMT,ACTIVE,41617,per Annum,2293.75,41482.86,75.9,1635,7146.89,FALSE,FALSE
2025,57,FIRE DEPARTMENT,5/22/2023,BRONX,EMERGENCY MEDICAL SPECIALIST-EMT,ACTIVE,41617,per Annum,2392,42982.9,355.5,10251.75,7817.54,FALSE,FALSE
2025,57,FIRE DEPARTMENT,5/22/2023,BRONX,EMERGENCY MEDICAL SPECIALIST-EMT,ACTIVE,41617,per Annum,2126.5,30313.36,14.5,362.39,4149.39,FALSE,FALSE
2025,57,FIRE DEPARTMENT,9/12/2023,BRONX,EMERGENCY MEDICAL SPECIALIST-EMT,ACTIVE,41617,per Annum,2392,44289.18,435.5,11768.67,5251.3,FALSE,FALSE
2025,57,FIRE DEPARTMENT,1/29/2024,BRONX,EMERGENCY MEDICAL SPECIALIST-EMT,ACTIVE,41617,per Annum,2323.25,42350.44,189,4896.17,6794.62,FALSE,FALSE
2025,57,FIRE DEPARTMENT,5/22/2023,BRONX,EMERGENCY MEDICAL SPECIALIST-EMT,ACTIVE,41617,per Annum,2298.75,42936.63,521.5,17176.59,7014.34,FALSE,FALSE
2025,57,FIRE DEPARTMENT,5/22/2023,BRONX,EMERGENCY MEDICAL SPECIALIST-EMT,ACTIVE,41617,per Annum,2195.08,24583.53,20.58,336.93,2637.31,FALSE,FALSE
2025,57,FIRE DEPARTMENT,9/12/2023,BRONX,EMERGENCY MEDICAL SPECIALIST-EMT,ACTIVE,41617,per Annum,2334.25,43740.45,350,11383.18,6530.57,FALSE,FALSE
2025,57,FIRE DEPARTMENT,2/13/2023,BRONX,EMERGENCY MEDICAL SPECIALIST-EMT,CEASED,41617,per Annum,1701.5,32037.3,113.25,3257.16,8231.69,FALSE,FALSE
2025,57,FIRE DEPARTMENT,5/22/2023,BRONX,EMERGENCY MEDICAL SPECIALIST-EMT,ACTIVE,41617,per Annum,2399.5,44455.38,85.33,1563.58,6745.61,FALSE,FALSE
2025,57,FIRE DEPARTMENT,6/3/2024,BRONX,EMERGENCY MEDICAL SPECIALIST-EMT,ACTIVE,41617,per Annum,2284.75,38918.5,254.5,8063.97,4776.66,FALSE,FALSE
2025,57,FIRE DEPARTMENT,9/12/2023,BRONX,EMERGENCY MEDICAL SPECIALIST-EMT,ACTIVE,41617,per Annum,2080,39124.88,0,44.45,3971.48,FALSE,FALSE
2025,57,FIRE DEPARTMENT,1/29/2024,BRONX,EMERGENCY MEDICAL SPECIALIST-EMT,ACTIVE,41617,per Annum,2297.5,41526.57,72,2487.24,6528.3,FALSE,FALSE
2025,57,FIRE DEPARTMENT,1/29/2024,BRONX,EMERGENCY MEDICAL SPECIALIST-EMT,ACTIVE,41617,per Annum,2391,41256.71,248.75,6507.64,7711.02,FALSE,FALSE
2025,57,FIRE DEPARTMENT,1/29/2024,BRONX,EMERGENCY MEDICAL SPECIALIST-EMT,ACTIVE,41617,per Annum,2293.75,41482.86,170.5,4846.73,4796.56,FALSE,FALSE
2025,57,FIRE DEPARTMENT,6/3/2024,BRONX,EMERGENCY MEDICAL SPECIALIST-EMT,ACTIVE,41617,per Annum,2235,40875.9,29.25,1314.73,4720.43,FALSE,FALSE
2025,57,FIRE DEPARTMENT,1/29/2024,BRONX,EMERGENCY MEDICAL SPECIALIST-EMT,ACTIVE,41617,per Annum,2303.75,40418.52,255.75,7992.44,5172.19,FALSE,FALSE
2025,57,FIRE DEPARTMENT,1/29/2024,BRONX,EMERGENCY MEDICAL SPECIALIST-EMT,ACTIVE,41617,per Annum,2337.5,42117.41,219.75,5843.23,4205.06,FALSE,FALSE
2025,57,FIRE DEPARTMENT,9/12/2023,BRONX,EMERGENCY MEDICAL SPECIALIST-EMT,ACTIVE,41617,per Annum,2226.25,41523.71,31,594.5,4759.6,FALSE,FALSE
2025,57,FIRE DEPARTMENT,1/29/2024,BRONX,EMERGENCY MEDICAL SPECIALIST-EMT,ACTIVE,41617,per Annum,2293.75,41453.29,282,8505.92,6907.44,FALSE,FALSE
2025,57,FIRE DEPARTMENT,6/3/2024,BRONX,EMERGENCY MEDICAL SPECIALIST-EMT,ACTIVE,41617,per Annum,2301,41677.41,174.75,3825.42,5611.48,FALSE,FALSE
2025,57,FIRE DEPARTMENT,5/22/2023,BRONX,EMERGENCY MEDICAL SPECIALIST-EMT,ACTIVE,41617,per Annum,2372,42725.7,61.5,1392.41,4662.69,FALSE,FALSE
2025,57,FIRE DEPARTMENT,9/12/2023,BRONX,EMERGENCY MEDICAL SPECIALIST-EMT,ACTIVE,41617,per Annum,2275,36478.2,204.75,6407.62,6115.42,FALSE,FALSE
2025,57,FIRE DEPARTMENT,9/12/2023,BRONX,EMERGENCY MEDICAL SPECIALIST-EMT,ACTIVE,41617,per Annum,2295,43328.31,81.5,1404.66,6503.57,FALSE,FALSE
2025,57,FIRE DEPARTMENT,9/12/2023,BRONX,EMERGENCY MEDICAL SPECIALIST-EMT,ACTIVE,41617,per Annum,2297.5,41693.36,19,910.62,5317.95,FALSE,FALSE
2025,57,FIRE DEPARTMENT,9/12/2023,BRONX,EMERGENCY MEDICAL SPECIALIST-EMT,CEASED,41617,per Annum,360,6189.27,42,1272.56,984,FALSE,FALSE
2025,57,FIRE DEPARTMENT,9/12/2023,BRONX,EMERGENCY MEDICAL SPECIALIST-EMT,ON LEAVE,41617,per Annum,1891,36123.5,51.25,1416.76,4922.12,FALSE,FALSE
2025,57,FIRE DEPARTMENT,9/12/2023,BRONX,EMERGENCY MEDICAL SPECIALIST-EMT,ACTIVE,41617,per Annum,2283.5,42307.94,888.5,28394.18,6779.63,FALSE,FALSE
2025,57,FIRE DEPARTMENT,1/29/2024,BRONX,EMERGENCY MEDICAL SPECIALIST-EMT,ACTIVE,41617,per Annum,2290,41374.98,113.92,3256.16,5035.12,FALSE,FALSE
2025,57,FIRE DEPARTMENT,5/22/2023,BRONX,EMERGENCY MEDICAL SPECIALIST-EMT,ACTIVE,41617,per Annum,2287.25,41641.41,121.5,4104.96,5176.8,FALSE,FALSE
2025,57,FIRE DEPARTMENT,6/3/2024,BRONX,EMERGENCY MEDICAL SPECIALIST-EMT,ACTIVE,41617,per Annum,2235,40875.9,164.75,4608.98,3990.22,FALSE,FALSE
2025,57,FIRE DEPARTMENT,6/3/2024,BRONX,EMERGENCY MEDICAL SPECIALIST-EMT,ACTIVE,41617,per Annum,2264.27,40535.02,30.48,953.17,4458.64,FALSE,FALSE
2025,57,FIRE DEPARTMENT,9/12/2023,BRONX,EMERGENCY MEDICAL SPECIALIST-EMT,ACTIVE,41617,per Annum,2328.75,42267.02,64.75,1002.59,6362.76,FALSE,FALSE
2025,57,FIRE DEPARTMENT,1/29/2024,BRONX,EMERGENCY MEDICAL SPECIALIST-EMT,ACTIVE,41617,per Annum,2223.75,38205.99,22.75,532.53,5191.66,FALSE,FALSE
2025,57,FIRE DEPARTMENT,3/18/2024,BRONX,EMERGENCY MEDICAL SPECIALIST-EMT,ACTIVE,41617,per Annum,2320,42571.24,219,5544.25,6087.48,FALSE,FALSE
2025,57,FIRE DEPARTMENT,1/29/2024,BRONX,EMERGENCY MEDICAL SPECIALIST-EMT,ACTIVE,41617,per Annum,2292.25,41639.03,67.5,1162.23,5052.49,FALSE,FALSE
2025,57,FIRE DEPARTMENT,1/29/2024,BRONX,EMERGENCY MEDICAL SPECIALIST-EMT,ACTIVE,41617,per Annum,2362.25,42529.94,155.5,3840.2,4799.36,FALSE,FALSE
2025,57,FIRE DEPARTMENT,9/12/2023,BRONX,EMERGENCY MEDICAL SPECIALIST-EMT,ACTIVE,41617,per Annum,1469.75,20034.6,182.75,5309.92,2090.49,FALSE,FALSE
2025,57,FIRE DEPARTMENT,9/12/2023,BRONX,EMERGENCY MEDICAL SPECIALIST-EMT,ACTIVE,41617,per Annum,2282,41549.13,71.25,1012.7,4586.06,FALSE,FALSE
2025,57,FIRE DEPARTMENT,5/22/2023,BRONX,EMERGENCY MEDICAL SPECIALIST-EMT,ACTIVE,41617,per Annum,2294.75,41678.59,92.75,1459.11,7470.97,FALSE,FALSE
2025,57,FIRE DEPARTMENT,1/29/2024,BRONX,EMERGENCY MEDICAL SPECIALIST-EMT,ACTIVE,41617,per Annum,2316,42145,425,11418.2,7074.79,FALSE,FALSE
2025,57,FIRE DEPARTMENT,5/23/2022,BRONX,EMERGENCY MEDICAL SPECIALIST-EMT,CEASED,41617,per Annum,480,2237.1,0,0,86.5,FALSE,FALSE
2025,57,FIRE DEPARTMENT,1/29/2024,BRONX,EMERGENCY MEDICAL SPECIALIST-EMT,ACTIVE,41617,per Annum,2297.5,41556.14,104,2069.71,7322.03,FALSE,FALSE
2025,57,FIRE DEPARTMENT,1/29/2024,BRONX,EMERGENCY MEDICAL SPECIALIST-EMT,ACTIVE,41617,per Annum,2295.25,41711.44,68.75,1255.3,6560.12,FALSE,FALSE
2025,57,FIRE DEPARTMENT,1/29/2024,BRONX,EMERGENCY MEDICAL SPECIALIST-EMT,ACTIVE,41617,per Annum,2380,41192.68,591.67,16530.79,7131.96,FALSE,FALSE
2025,57,FIRE DEPARTMENT,1/29/2024,BRONX,EMERGENCY MEDICAL SPECIALIST-EMT,ACTIVE,41617,per Annum,2302.75,41536.01,76.25,2263.05,5514.84,FALSE,FALSE
2025,57,FIRE DEPARTMENT,1/29/2024,BRONX,EMERGENCY MEDICAL SPECIALIST-EMT,ACTIVE,41617,per Annum,2340.5,41600.58,185.5,4988.73,4584.74,FALSE,FALSE
2025,57,FIRE DEPARTMENT,9/12/2023,BRONX,EMERGENCY MEDICAL SPECIALIST-EMT,CEASED,41617,per Annum,1100,15240.07,20.25,523.43,1800.54,FALSE,FALSE
2025,57,FIRE DEPARTMENT,1/29/2024,BRONX,EMERGENCY MEDICAL SPECIALIST-EMT,ACTIVE,41617,per Annum,2197.75,40309.55,62.25,1050.23,5146.99,FALSE,FALSE
2025,57,FIRE DEPARTMENT,6/3/2024,BRONX,EMERGENCY MEDICAL SPECIALIST-EMT,ACTIVE,41617,per Annum,2226.53,39674.4,151,4061.11,4800.11,FALSE,FALSE
2025,57,FIRE DEPARTMENT,5/22/2023,BRONX,EMERGENCY MEDICAL SPECIALIST-EMT,ACTIVE,41617,per Annum,2285,37141.72,38.5,1469.42,6916.45,FALSE,FALSE
2025,57,FIRE DEPARTMENT,9/12/2023,BRONX,EMERGENCY MEDICAL SPECIALIST-EMT,ACTIVE,41617,per Annum,2103.25,39688.47,132.5,3214.23,4150.91,FALSE,FALSE
2025,57,FIRE DEPARTMENT,9/12/2023,BRONX,EMERGENCY MEDICAL SPECIALIST-EMT,ACTIVE,41617,per Annum,2345,44123.55,555.75,17086.03,8394.32,FALSE,FALSE
2025,57,FIRE DEPARTMENT,1/29/2024,BRONX,EMERGENCY MEDICAL SPECIALIST-EMT,ACTIVE,41617,per Annum,2290.25,40450.97,137.5,4086.44,5203.74,FALSE,FALSE
2025,57,FIRE DEPARTMENT,9/12/2023,BRONX,EMERGENCY MEDICAL SPECIALIST-EMT,ACTIVE,41617,per Annum,2213.75,41341.5,27,407.83,6743.33,FALSE,FALSE
2025,57,FIRE DEPARTMENT,1/29/2024,BRONX,EMERGENCY MEDICAL SPECIALIST-EMT,ACTIVE,41617,per Annum,2304,41439.29,242.73,6761.12,6385.42,FALSE,FALSE
2025,57,FIRE DEPARTMENT,9/12/2023,BRONX,EMERGENCY MEDICAL SPECIALIST-EMT,ACTIVE,41617,per Annum,2298.33,43107.09,174.25,5835.85,5194.09,FALSE,FALSE
2025,57,FIRE DEPARTMENT,1/29/2024,BRONX,EMERGENCY MEDICAL SPECIALIST-EMT,ACTIVE,41617,per Annum,2315.25,42205.72,91.25,1511.66,6743.81,FALSE,FALSE
2025,57,FIRE DEPARTMENT,6/3/2024,BRONX,EMERGENCY MEDICAL SPECIALIST-EMT,ACTIVE,41617,per Annum,2230.2,40497.09,166.75,4780.04,4032.91,FALSE,FALSE
2025,57,FIRE DEPARTMENT,5/22/2023,BRONX,EMERGENCY MEDICAL SPECIALIST-EMT,ACTIVE,41617,per Annum,2308.25,42556.17,48.75,1659.02,6039,FALSE,FALSE
2025,57,FIRE DEPARTMENT,1/29/2024,BRONX,EMERGENCY MEDICAL SPECIALIST-EMT,ACTIVE,41617,per Annum,2392,42830.54,194.75,4768.21,4635.68,FALSE,FALSE
2025,57,FIRE DEPARTMENT,4/22/2024,BRONX,EMERGENCY MEDICAL SPECIALIST-EMT,ACTIVE,41617,per Annum,2289.5,41686.38,77.25,1848.83,5230.58,FALSE,FALSE
2025,57,FIRE DEPARTMENT,9/12/2023,BRONX,EMERGENCY MEDICAL SPECIALIST-EMT,ACTIVE,41617,per Annum,2304.25,41857.8,482.75,15306.5,6739.37,FALSE,FALSE
2025,57,FIRE DEPARTMENT,6/3/2024,BRONX,EMERGENCY MEDICAL SPECIALIST-EMT,ACTIVE,41617,per Annum,2235,40852.18,16.5,1179.79,5419.04,FALSE,FALSE
2025,57,FIRE DEPARTMENT,9/12/2023,BRONX,EMERGENCY MEDICAL SPECIALIST-EMT,ACTIVE,41617,per Annum,2279.25,41767.21,76.75,3053.55,4843.34,FALSE,FALSE
2025,57,FIRE DEPARTMENT,5/22/2023,BRONX,EMERGENCY MEDICAL SPECIALIST-EMT,ACTIVE,41617,per Annum,2392,44450.28,266.75,6495.61,5754.65,FALSE,FALSE
2025,57,FIRE DEPARTMENT,9/12/2023,BRONX,EMERGENCY MEDICAL SPECIALIST-EMT,ACTIVE,41617,per Annum,2322.5,41793.02,148.75,3211.34,5680.79,FALSE,FALSE
2025,57,FIRE DEPARTMENT,6/21/2021,BRONX,EMERGENCY MEDICAL SPECIALIST-EMT,ACTIVE,41617,per Annum,2295,44041.19,108.25,4063.43,3340.6,FALSE,FALSE
2025,57,FIRE DEPARTMENT,5/22/2023,BRONX,EMERGENCY MEDICAL SPECIALIST-EMT,ACTIVE,41617,per Annum,2274.25,42289.32,37.5,744.64,5838.5,FALSE,FALSE
2025,57,FIRE DEPARTMENT,6/3/2024,BRONX,EMERGENCY MEDICAL SPECIALIST-EMT,ACTIVE,41617,per Annum,2228.25,40939.41,265,8034.04,3897.39,FALSE,FALSE
2025,57,FIRE DEPARTMENT,9/12/2023,BRONX,EMERGENCY MEDICAL SPECIALIST-EMT,ACTIVE,41617,per Annum,2218.5,40196.14,64.5,2586.42,7007.3,FALSE,FALSE
2025,57,FIRE DEPARTMENT,9/12/2023,BRONX,EMERGENCY MEDICAL SPECIALIST-EMT,ACTIVE,41617,per Annum,2376,43652.33,241.25,6212.72,7533.21,FALSE,FALSE
2025,57,FIRE DEPARTMENT,5/22/2023,BRONX,EMERGENCY MEDICAL SPECIALIST-EMT,ACTIVE,41617,per Annum,1919.5,35512.14,64.75,1124.43,4881.91,FALSE,FALSE
2025,57,FIRE DEPARTMENT,6/3/2024,BRONX,EMERGENCY MEDICAL SPECIALIST-EMT,ACTIVE,41617,per Annum,2232.75,41173.75,39.88,694.71,4410.99,FALSE,FALSE
2025,57,FIRE DEPARTMENT,6/3/2024,BRONX,EMERGENCY MEDICAL SPECIALIST-EMT,ACTIVE,41617,per Annum,2232.25,41203.65,176,5244.96,4207.91,FALSE,FALSE
2025,57,FIRE DEPARTMENT,2/13/2023,BRONX,EMERGENCY MEDICAL SPECIALIST-EMT,CEASED,41617,per Annum,240,1607.1,0,0,132.19,FALSE,FALSE
2025,57,FIRE DEPARTMENT,5/22/2023,BRONX,EMERGENCY MEDICAL SPECIALIST-EMT,ACTIVE,41617,per Annum,2341.5,43092.19,114.87,2530.8,6620.71,FALSE,FALSE
2025,57,FIRE DEPARTMENT,1/29/2024,BRONX,EMERGENCY MEDICAL SPECIALIST-EMT,ACTIVE,41617,per Annum,2292.5,41624.28,202.45,5545.03,5530.95,FALSE,FALSE
2025,57,FIRE DEPARTMENT,9/12/2023,BRONX,EMERGENCY MEDICAL SPECIALIST-EMT,ACTIVE,41617,per Annum,2276.73,36281,3.75,233.82,4891.31,FALSE,FALSE
2025,57,FIRE DEPARTMENT,6/3/2024,BRONX,EMERGENCY MEDICAL SPECIALIST-EMT,ACTIVE,41617,per Annum,2237,40814.46,280.5,8931.84,4630.2,FALSE,FALSE
2025,57,FIRE DEPARTMENT,9/12/2023,BRONX,EMERGENCY MEDICAL SPECIALIST-EMT,ACTIVE,41617,per Annum,2293.77,43139.37,63.75,920.26,6180.07,FALSE,FALSE
2025,57,FIRE DEPARTMENT,1/29/2024,BRONX,EMERGENCY MEDICAL SPECIALIST-EMT,ACTIVE,41617,per Annum,2317.25,41898.46,347.93,9997.58,4827.38,FALSE,FALSE
2025,57,FIRE DEPARTMENT,1/29/2024,BRONX,EMERGENCY MEDICAL SPECIALIST-EMT,ACTIVE,41617,per Annum,2297.5,41513.36,306.75,9670.28,6766.79,FALSE,FALSE
2025,57,FIRE DEPARTMENT,9/12/2023,BRONX,EMERGENCY MEDICAL SPECIALIST-EMT,ACTIVE,41617,per Annum,2289.25,41816.65,217.75,6826.15,5390.16,FALSE,FALSE
2025,57,FIRE DEPARTMENT,1/29/2024,BRONX,EMERGENCY MEDICAL SPECIALIST-EMT,ACTIVE,41617,per Annum,2400,40882.57,186.17,3488.37,3908.86,FALSE,FALSE
2025,57,FIRE DEPARTMENT,1/29/2024,BRONX,EMERGENCY MEDICAL SPECIALIST-EMT,ACTIVE,41617,per Annum,2295,41812.72,98.17,3448.5,6465.9,FALSE,FALSE
2025,57,FIRE DEPARTMENT,1/29/2024,BRONX,EMERGENCY MEDICAL SPECIALIST-EMT,ACTIVE,41617,per Annum,2348.25,41917.46,396.88,9769.71,5253.28,FALSE,FALSE
2025,57,FIRE DEPARTMENT,6/3/2024,BRONX,EMERGENCY MEDICAL SPECIALIST-EMT,ACTIVE,41617,per Annum,2234.75,40871.01,317.62,9723.26,4871.45,FALSE,FALSE
2025,57,FIRE DEPARTMENT,9/12/2023,BRONX,EMERGENCY MEDICAL SPECIALIST-EMT,ACTIVE,41617,per Annum,2337,43694.97,116.5,4054.6,7492.62,FALSE,FALSE
2025,57,FIRE DEPARTMENT,1/29/2024,BRONX,EMERGENCY MEDICAL SPECIALIST-EMT,ACTIVE,41617,per Annum,2354.25,42058.98,202.5,4650.52,7218.82,FALSE,FALSE
2025,57,FIRE DEPARTMENT,1/29/2024,BRONX,EMERGENCY MEDICAL SPECIALIST-EMT,ACTIVE,41617,per Annum,2296.25,41703.05,284,7334.99,5003.36,FALSE,FALSE
2025,57,FIRE DEPARTMENT,9/12/2023,BRONX,EMERGENCY MEDICAL SPECIALIST-EMT,ACTIVE,41617,per Annum,2355.75,40761.49,191.25,5200.07,5307.13,FALSE,FALSE
2025,57,FIRE DEPARTMENT,9/12/2023,BRONX,EMERGENCY MEDICAL SPECIALIST-EMT,ACTIVE,41617,per Annum,2085.72,42599.55,0,11.18,3204.53,FALSE,FALSE
2025,57,FIRE DEPARTMENT,9/12/2023,BRONX,EMERGENCY MEDICAL SPECIALIST-EMT,ACTIVE,41617,per Annum,2388,42271.48,181.75,4574.3,4201,FALSE,FALSE
2025,57,FIRE DEPARTMENT,9/12/2023,BRONX,EMERGENCY MEDICAL SPECIALIST-EMT,ACTIVE,41617,per Annum,2392,44605.68,115,1820.44,4495.49,FALSE,FALSE
2025,57,FIRE DEPARTMENT,9/12/2023,BRONX,EMERGENCY MEDICAL SPECIALIST-EMT,ACTIVE,41617,per Annum,2293.75,43050.98,219.5,7973.35,7534.78,FALSE,FALSE
2025,56,POLICE DEPARTMENT,12/14/2022,BRONX,SCHOOL SAFETY AGENT,ACTIVE,41797,per Annum,2080,39606.53,204.5,5858.34,1556.5,FALSE,FALSE
2025,56,POLICE DEPARTMENT,12/14/2022,BRONX,SCHOOL SAFETY AGENT,ACTIVE,41797,per Annum,2080,39606.53,1170.75,33875.37,2229.67,FALSE,FALSE
2025,56,POLICE DEPARTMENT,4/27/2022,BRONX,SCHOOL SAFETY AGENT,ACTIVE,41797,per Annum,2080,40231.3,447.75,13023.27,1655.48,FALSE,FALSE
2025,56,POLICE DEPARTMENT,4/27/2022,BRONX,SCHOOL SAFETY AGENT,ACTIVE,41797,per Annum,2080,40231.3,450,13076.56,1583.57,FALSE,FALSE
2025,56,POLICE DEPARTMENT,12/14/2022,BRONX,SCHOOL SAFETY AGENT,ACTIVE,41797,per Annum,2080,39606.53,414.25,11860.73,1575.33,FALSE,FALSE
2025,56,POLICE DEPARTMENT,12/14/2022,BRONX,SCHOOL SAFETY AGENT,ACTIVE,41797,per Annum,2080,39606.53,524.75,15154.18,1726.05,FALSE,FALSE
2025,56,POLICE DEPARTMENT,8/31/2022,BRONX,SCHOOL SAFETY AGENT,ACTIVE,41797,per Annum,2080,39606.53,541.25,15528.18,1664.36,FALSE,FALSE
2025,56,POLICE DEPARTMENT,4/27/2022,BRONX,SCHOOL SAFETY AGENT,ACTIVE,41797,per Annum,2080,40231.3,369.75,10782.98,1666.8,FALSE,FALSE
2025,56,POLICE DEPARTMENT,12/14/2022,BRONX,SCHOOL SAFETY AGENT,ACTIVE,41797,per Annum,2080,39606.53,247.25,7151.36,1577.74,FALSE,FALSE
2025,56,POLICE DEPARTMENT,4/27/2022,BRONX,SCHOOL SAFETY AGENT,ACTIVE,41797,per Annum,2080,40231.3,0,0,1500,FALSE,FALSE
2025,56,POLICE DEPARTMENT,4/27/2022,BRONX,SCHOOL SAFETY AGENT,ACTIVE,41797,per Annum,2080,39532.18,162,4720.9,1500,FALSE,FALSE
2025,56,POLICE DEPARTMENT,12/14/2022,BRONX,SCHOOL SAFETY AGENT,ACTIVE,41797,per Annum,2080,38626.2,124.75,3562.4,1524.75,FALSE,FALSE
2025,56,POLICE DEPARTMENT,4/27/2022,BRONX,SCHOOL SAFETY AGENT,ACTIVE,41797,per Annum,2080,40231.3,784.5,22831.14,1658.4,FALSE,FALSE
2025,56,POLICE DEPARTMENT,8/31/2022,BRONX,SCHOOL SAFETY AGENT,ACTIVE,41797,per Annum,2080,39606.53,490.75,14085.99,1575.33,FALSE,FALSE
2025,56,POLICE DEPARTMENT,4/27/2022,BRONX,SCHOOL SAFETY AGENT,ACTIVE,41797,per Annum,2080,40231.3,733.45,21297.39,1572.88,FALSE,FALSE
2025,56,POLICE DEPARTMENT,8/31/2022,BRONX,SCHOOL SAFETY AGENT,ACTIVE,41797,per Annum,2080,39606.53,626.5,17890.69,1500,FALSE,FALSE
2025,56,POLICE DEPARTMENT,8/31/2022,BRONX,SCHOOL SAFETY AGENT,ACTIVE,41797,per Annum,2080,39606.53,250.5,7180.66,1500,FALSE,FALSE
2025,56,POLICE DEPARTMENT,4/27/2022,BRONX,SCHOOL SAFETY AGENT,ACTIVE,41797,per Annum,2080,40231.3,191.25,5550.4,1607.18,FALSE,FALSE
2025,56,POLICE DEPARTMENT,4/27/2022,BRONX,SCHOOL SAFETY AGENT,ACTIVE,41797,per Annum,2080,40231.3,97,2831.61,1500,FALSE,FALSE
2025,56,POLICE DEPARTMENT,4/27/2022,BRONX,SCHOOL SAFETY AGENT,ACTIVE,41797,per Annum,2080,40231.3,646.45,18782.4,1739.05,FALSE,FALSE
2025,56,POLICE DEPARTMENT,10/1/2021,BRONX,SCHOOL SAFETY AGENT,ACTIVE,41797,per Annum,2080,39606.53,321.25,9334.32,2246.49,FALSE,FALSE
2025,56,POLICE DEPARTMENT,4/27/2022,BRONX,SCHOOL SAFETY AGENT,ACTIVE,41797,per Annum,2080,40231.3,556.75,16218.5,1655.97,FALSE,FALSE
2025,56,POLICE DEPARTMENT,4/27/2022,BRONX,SCHOOL SAFETY AGENT,ACTIVE,41797,per Annum,2080,40231.3,757.5,22077.42,1713.78,FALSE,FALSE
2025,56,POLICE DEPARTMENT,8/31/2022,BRONX,SCHOOL SAFETY AGENT,ACTIVE,41797,per Annum,2080,39606.53,360.5,10302.49,1653.07,FALSE,FALSE
2025,56,POLICE DEPARTMENT,4/27/2022,BRONX,SCHOOL SAFETY AGENT,ACTIVE,41797,per Annum,2080,40231.3,287.5,8388.16,1661.31,FALSE,FALSE
2025,56,POLICE DEPARTMENT,8/31/2022,BRONX,SCHOOL SAFETY AGENT,ACTIVE,41797,per Annum,2080,39606.53,654.25,18694.31,1500,FALSE,FALSE
2025,56,POLICE DEPARTMENT,12/14/2022,BRONX,SCHOOL SAFETY AGENT,ACTIVE,41797,per Annum,2080,39606.53,411,11510.68,1650.66,FALSE,FALSE
2025,56,POLICE DEPARTMENT,12/14/2022,BRONX,SCHOOL SAFETY AGENT,ACTIVE,41797,per Annum,2080,39606.53,266.5,7646,1500,FALSE,FALSE
2025,56,POLICE DEPARTMENT,11/30/2021,BRONX,SCHOOL SAFETY AGENT,ACTIVE,41797,per Annum,2080,40231.3,395,11466.1,1500,FALSE,FALSE
2025,56,POLICE DEPARTMENT,8/31/2022,BRONX,SCHOOL SAFETY AGENT,ACTIVE,41797,per Annum,2080,39606.53,177.5,5039.77,1500,FALSE,FALSE
2025,56,POLICE DEPARTMENT,4/27/2022,BRONX,SCHOOL SAFETY AGENT,ACTIVE,41797,per Annum,2080,40231.3,752.75,21838.99,1505.75,FALSE,FALSE
2025,56,POLICE DEPARTMENT,4/27/2022,BRONX,SCHOOL SAFETY AGENT,ACTIVE,41797,per Annum,2080,40231.3,163.75,4741.1,1500,FALSE,FALSE
2025,56,POLICE DEPARTMENT,4/27/2022,BRONX,SCHOOL SAFETY AGENT,ACTIVE,41797,per Annum,2080,40231.3,886.25,25646.41,1583.57,FALSE,FALSE
2025,56,POLICE DEPARTMENT,11/30/2021,BRONX,SCHOOL SAFETY AGENT,ACTIVE,41848,per Annum,2080,40527.37,255.5,7512.5,1577.74,FALSE,FALSE
2025,827,DEPARTMENT OF SANITATION,11/6/2023,BRONX,CLERICAL ASSOCIATE MOST MAYORAL AG,ACTIVE,42287,per Annum,1820,40818.48,199,5750.43,3127.12,FALSE,FALSE
2025,56,POLICE DEPARTMENT,10/8/2019,BRONX,POLICE ADMINISTRATIVE AIDE,ACTIVE,42288,per Annum,405,9162.01,0,0,0,FALSE,FALSE
2025,57,FIRE DEPARTMENT,2/13/2023,BRONX,EMERGENCY MEDICAL SPECIALIST-EMT,ACTIVE,42357,per Annum,2365.5,44818.49,559.58,17762.79,6337.02,FALSE,FALSE
2025,57,FIRE DEPARTMENT,2/13/2023,BRONX,EMERGENCY MEDICAL SPECIALIST-EMT,ACTIVE,42357,per Annum,2293.75,43696.01,161.58,5779.76,5906.29,FALSE,FALSE
2025,57,FIRE DEPARTMENT,5/23/2022,BRONX,EMERGENCY MEDICAL SPECIALIST-EMT,ACTIVE,42357,per Annum,2295,44125.07,257.5,9401.5,4751.65,FALSE,FALSE
2025,57,FIRE DEPARTMENT,10/11/2022,BRONX,EMERGENCY MEDICAL SPECIALIST-EMT,ACTIVE,42357,per Annum,1959.25,39762.23,84,2796.88,3160.26,FALSE,FALSE
2025,57,FIRE DEPARTMENT,5/23/2022,BRONX,EMERGENCY MEDICAL SPECIALIST-EMT,ACTIVE,42357,per Annum,2286.5,43479.82,56.25,774.6,5663.5,FALSE,FALSE
2025,57,FIRE DEPARTMENT,5/23/2022,BRONX,EMERGENCY MEDICAL SPECIALIST-EMT,ACTIVE,42357,per Annum,2392,45608.56,470.25,14920.25,5493.13,FALSE,FALSE
2025,57,FIRE DEPARTMENT,2/13/2023,BRONX,EMERGENCY MEDICAL SPECIALIST-EMT,ACTIVE,42357,per Annum,2154,41271.81,42.5,1558.12,3719.67,FALSE,FALSE
2025,57,FIRE DEPARTMENT,5/23/2022,BRONX,EMERGENCY MEDICAL SPECIALIST-EMT,ACTIVE,42357,per Annum,2297.5,43748.45,224.75,5940.77,6407.29,FALSE,FALSE
2025,57,FIRE DEPARTMENT,5/23/2022,BRONX,EMERGENCY MEDICAL SPECIALIST-EMT,ACTIVE,42357,per Annum,1986.75,38746.71,111.5,3742.08,6186.56,FALSE,FALSE
2025,57,FIRE DEPARTMENT,10/11/2022,BRONX,EMERGENCY MEDICAL SPECIALIST-EMT,ACTIVE,42357,per Annum,2383.5,44730.43,284,8484.27,7540.59,FALSE,FALSE
2025,57,FIRE DEPARTMENT,5/23/2022,BRONX,EMERGENCY MEDICAL SPECIALIST-EMT,ACTIVE,42357,per Annum,2370,45231.19,243.75,6609.84,7229.43,FALSE,FALSE
2025,57,FIRE DEPARTMENT,5/23/2022,BRONX,EMERGENCY MEDICAL SPECIALIST-EMT,ACTIVE,42357,per Annum,2289.25,43504.04,752.5,23729.04,3693.53,FALSE,FALSE
2025,57,FIRE DEPARTMENT,2/13/2023,BRONX,EMERGENCY MEDICAL SPECIALIST-EMT,ACTIVE,42357,per Annum,2298,43499.47,102.25,3310.56,6380.19,FALSE,FALSE
2025,57,FIRE DEPARTMENT,10/11/2022,BRONX,EMERGENCY MEDICAL SPECIALIST-EMT,ACTIVE,42357,per Annum,2351,43738.85,177.67,5543.73,6920.74,FALSE,FALSE
2025,57,FIRE DEPARTMENT,2/13/2023,BRONX,EMERGENCY MEDICAL SPECIALIST-EMT,ACTIVE,42357,per Annum,2290,43610.67,105.75,3648.4,7196.89,FALSE,FALSE
2025,57,FIRE DEPARTMENT,2/13/2023,BRONX,EMERGENCY MEDICAL SPECIALIST-EMT,ACTIVE,42357,per Annum,2295,43929.3,294,9528.78,7714.29,FALSE,FALSE
2025,57,FIRE DEPARTMENT,10/11/2022,BRONX,EMERGENCY MEDICAL SPECIALIST-EMT,ACTIVE,42357,per Annum,2392,45574.69,467.25,14699.91,9833.71,FALSE,FALSE
2025,57,FIRE DEPARTMENT,2/13/2023,BRONX,EMERGENCY MEDICAL SPECIALIST-EMT,ACTIVE,42357,per Annum,2291,42318.78,63.5,2357.94,5679.37,FALSE,FALSE
2025,57,FIRE DEPARTMENT,5/23/2022,BRONX,EMERGENCY MEDICAL SPECIALIST-EMT,ACTIVE,42357,per Annum,2385,44148.81,493,14678.96,7210.16,FALSE,FALSE
2025,57,FIRE DEPARTMENT,5/23/2022,BRONX,EMERGENCY MEDICAL SPECIALIST-EMT,ACTIVE,42357,per Annum,2381,45549.92,157,2861.47,6933.74,FALSE,FALSE
2025,57,FIRE DEPARTMENT,9/13/2021,BRONX,EMERGENCY MEDICAL SPECIALIST-EMT,ACTIVE,42357,per Annum,2298.25,42819.11,53.5,1437.71,4737.36,FALSE,FALSE
2025,57,FIRE DEPARTMENT,10/11/2022,BRONX,EMERGENCY MEDICAL SPECIALIST-EMT,ACTIVE,42357,per Annum,2252.5,44844.69,86.77,1705.92,5812.94,FALSE,FALSE
2025,57,FIRE DEPARTMENT,5/23/2022,BRONX,EMERGENCY MEDICAL SPECIALIST-EMT,ACTIVE,42357,per Annum,2364,44593.63,509.75,14933.32,4262.52,FALSE,FALSE
2025,57,FIRE DEPARTMENT,2/13/2023,BRONX,EMERGENCY MEDICAL SPECIALIST-EMT,ACTIVE,42357,per Annum,2403.75,43925.4,138,3250.97,7184.25,FALSE,FALSE
2025,57,FIRE DEPARTMENT,5/23/2022,BRONX,EMERGENCY MEDICAL SPECIALIST-EMT,ACTIVE,42357,per Annum,2381.5,41238.92,167,4051.05,4207.36,FALSE,FALSE
2025,57,FIRE DEPARTMENT,10/11/2022,BRONX,EMERGENCY MEDICAL SPECIALIST-EMT,ACTIVE,42357,per Annum,2397.25,44059.69,215.92,5567.15,5706.59,FALSE,FALSE
2025,57,FIRE DEPARTMENT,2/13/2023,BRONX,EMERGENCY MEDICAL SPECIALIST-EMT,ACTIVE,42357,per Annum,2300,42073.79,392.25,11490.22,7435.74,FALSE,FALSE
2025,57,FIRE DEPARTMENT,10/11/2022,BRONX,EMERGENCY MEDICAL SPECIALIST-EMT,CEASED,42357,per Annum,831,16152.94,15.25,397.46,2042.78,FALSE,FALSE
2025,57,FIRE DEPARTMENT,10/11/2022,BRONX,EMERGENCY MEDICAL SPECIALIST-EMT,ACTIVE,42357,per Annum,2303.25,43915.22,114.5,4537.86,5367.45,FALSE,FALSE
2025,57,FIRE DEPARTMENT,10/11/2022,BRONX,EMERGENCY MEDICAL SPECIALIST-EMT,ACTIVE,42357,per Annum,2297.75,44185.35,520,17307.59,7160,FALSE,FALSE
2025,57,FIRE DEPARTMENT,5/23/2022,BRONX,EMERGENCY MEDICAL SPECIALIST-EMT,ACTIVE,42357,per Annum,2415.5,38991.94,204.5,5325.07,6839.98,FALSE,FALSE
2025,57,FIRE DEPARTMENT,2/13/2023,BRONX,EMERGENCY MEDICAL SPECIALIST-EMT,ACTIVE,42357,per Annum,2319,43973.07,135,2927.28,6894.95,FALSE,FALSE
2025,57,FIRE DEPARTMENT,10/11/2022,BRONX,EMERGENCY MEDICAL SPECIALIST-EMT,ACTIVE,42357,per Annum,2294,44401.94,198.75,6651.51,8081.4,FALSE,FALSE
2025,57,FIRE DEPARTMENT,5/23/2022,BRONX,EMERGENCY MEDICAL SPECIALIST-EMT,ACTIVE,42357,per Annum,2384,42032.24,28.5,651.7,6820.83,FALSE,FALSE
2025,57,FIRE DEPARTMENT,10/11/2022,BRONX,EMERGENCY MEDICAL SPECIALIST-EMT,ACTIVE,42357,per Annum,2375.57,44553.8,215,5432.89,6795.91,FALSE,FALSE
2025,57,FIRE DEPARTMENT,5/23/2022,BRONX,EMERGENCY MEDICAL SPECIALIST-EMT,ACTIVE,42357,per Annum,2251.5,43972.67,81.5,2338.05,7282.81,FALSE,FALSE
2025,57,FIRE DEPARTMENT,6/22/2020,BRONX,EMERGENCY MEDICAL SPECIALIST-EMT,ACTIVE,42357,per Annum,2384,43434.46,654.25,19578.11,4952.94,FALSE,FALSE
2025,57,FIRE DEPARTMENT,5/23/2022,BRONX,EMERGENCY MEDICAL SPECIALIST-EMT,ACTIVE,42357,per Annum,2381,45545.67,456,14545.47,5535.34,FALSE,FALSE
2025,57,FIRE DEPARTMENT,2/13/2023,BRONX,EMERGENCY MEDICAL SPECIALIST-EMT,ON LEAVE,42357,per Annum,2082,37655.79,189.25,5917.69,6829.73,FALSE,FALSE
2025,57,FIRE DEPARTMENT,5/23/2022,BRONX,EMERGENCY MEDICAL SPECIALIST-EMT,ACTIVE,42357,per Annum,2400,45777.68,497.75,14844.36,6127.42,FALSE,FALSE
2025,57,FIRE DEPARTMENT,2/13/2023,BRONX,EMERGENCY MEDICAL SPECIALIST-EMT,ACTIVE,42357,per Annum,2295,43773.11,181.5,5409.57,8016.57,FALSE,FALSE
2025,57,FIRE DEPARTMENT,6/22/2020,BRONX,EMERGENCY MEDICAL SPECIALIST-EMT,ON LEAVE,42357,per Annum,756.5,1757.11,0,0,140.89,FALSE,FALSE
2025,57,FIRE DEPARTMENT,5/23/2022,BRONX,EMERGENCY MEDICAL SPECIALIST-EMT,ACTIVE,42357,per Annum,2381,45549.92,363,10382.06,7208.63,FALSE,FALSE
2025,57,FIRE DEPARTMENT,10/11/2022,BRONX,EMERGENCY MEDICAL SPECIALIST-EMT,ACTIVE,42357,per Annum,2365.5,45660.02,199.5,5669.97,7476.19,FALSE,FALSE
2025,57,FIRE DEPARTMENT,5/23/2022,BRONX,EMERGENCY MEDICAL SPECIALIST-EMT,ACTIVE,42357,per Annum,2380,45524.7,294.43,8574.45,8254.33,FALSE,FALSE
2025,57,FIRE DEPARTMENT,5/23/2022,BRONX,EMERGENCY MEDICAL SPECIALIST-EMT,ACTIVE,42357,per Annum,2224.75,656.04,0,0,28.73,FALSE,FALSE
2025,57,FIRE DEPARTMENT,10/11/2022,BRONX,EMERGENCY MEDICAL SPECIALIST-EMT,ACTIVE,42357,per Annum,2133,42228.27,0,0,4419.84,FALSE,FALSE
2025,57,FIRE DEPARTMENT,10/11/2022,BRONX,EMERGENCY MEDICAL SPECIALIST-EMT,ACTIVE,42357,per Annum,2392,46164.94,91,2089.92,9035.67,FALSE,FALSE
2025,57,FIRE DEPARTMENT,5/23/2022,BRONX,EMERGENCY MEDICAL SPECIALIST-EMT,CEASED,42357,per Annum,1952.05,37258.76,79.5,2076.35,5365.53,FALSE,FALSE
2025,57,FIRE DEPARTMENT,10/11/2022,BRONX,EMERGENCY MEDICAL SPECIALIST-EMT,ACTIVE,42357,per Annum,2297.5,44190.58,7.75,845.05,7111.48,FALSE,FALSE
2025,57,FIRE DEPARTMENT,5/23/2022,BRONX,EMERGENCY MEDICAL SPECIALIST-EMT,ACTIVE,42357,per Annum,2292.75,42691.33,265,9065.27,6674.8,FALSE,FALSE
2025,57,FIRE DEPARTMENT,10/11/2022,BRONX,EMERGENCY MEDICAL SPECIALIST-EMT,ACTIVE,42357,per Annum,2392,45574.69,291.5,7582.18,7809.35,FALSE,FALSE
2025,57,FIRE DEPARTMENT,2/13/2023,BRONX,EMERGENCY MEDICAL SPECIALIST-EMT,ACTIVE,42357,per Annum,2289.75,43834.42,139.5,4468.96,7234.54,FALSE,FALSE
2025,57,FIRE DEPARTMENT,5/23/2022,BRONX,EMERGENCY MEDICAL SPECIALIST-EMT,ACTIVE,42357,per Annum,2287.5,43691.65,451.23,14345.62,6649.08,FALSE,FALSE
2025,57,FIRE DEPARTMENT,5/23/2022,BRONX,EMERGENCY MEDICAL SPECIALIST-EMT,ACTIVE,42357,per Annum,1616,32180.31,8,91.39,3197.51,FALSE,FALSE
2025,57,FIRE DEPARTMENT,2/13/2023,BRONX,EMERGENCY MEDICAL SPECIALIST-EMT,ACTIVE,42357,per Annum,2297.5,43673.68,7.75,205.11,6951.93,FALSE,FALSE
2025,57,FIRE DEPARTMENT,5/23/2022,BRONX,EMERGENCY MEDICAL SPECIALIST-EMT,ACTIVE,42357,per Annum,2289,44715.23,469.57,16027.32,7910.77,FALSE,FALSE
2025,57,FIRE DEPARTMENT,5/23/2022,BRONX,EMERGENCY MEDICAL SPECIALIST-EMT,ACTIVE,42357,per Annum,2289,44463.67,103.75,2349.26,8074.79,FALSE,FALSE
2025,57,FIRE DEPARTMENT,2/13/2023,BRONX,EMERGENCY MEDICAL SPECIALIST-EMT,ACTIVE,42357,per Annum,2392,44137.34,230.75,5883.91,4843.45,FALSE,FALSE
2025,57,FIRE DEPARTMENT,10/11/2022,BRONX,EMERGENCY MEDICAL SPECIALIST-EMT,ACTIVE,42357,per Annum,2392,45578.94,734,21041.87,4210.82,FALSE,FALSE
2025,57,FIRE DEPARTMENT,5/23/2022,BRONX,EMERGENCY MEDICAL SPECIALIST-EMT,ACTIVE,42357,per Annum,2340.25,44814.93,1219.25,38887.78,4101.98,FALSE,FALSE
2025,57,FIRE DEPARTMENT,9/13/2021,BRONX,EMERGENCY MEDICAL SPECIALIST-EMT,CEASED,42357,per Annum,536.83,6097.09,0,0,868.39,FALSE,FALSE
2025,57,FIRE DEPARTMENT,5/23/2022,BRONX,EMERGENCY MEDICAL SPECIALIST-EMT,CEASED,42357,per Annum,1765.75,19885.65,4.75,74.74,3079.15,FALSE,FALSE
2025,57,FIRE DEPARTMENT,2/13/2023,BRONX,EMERGENCY MEDICAL SPECIALIST-EMT,ACTIVE,42357,per Annum,2297.5,43673.68,94,2987.74,6371.35,FALSE,FALSE
2025,57,FIRE DEPARTMENT,2/13/2023,BRONX,EMERGENCY MEDICAL SPECIALIST-EMT,ACTIVE,42357,per Annum,2372,45370.76,929.48,31594.13,6768.22,FALSE,FALSE
2025,57,FIRE DEPARTMENT,10/11/2022,BRONX,EMERGENCY MEDICAL SPECIALIST-EMT,ACTIVE,42357,per Annum,2406,41782.91,312.53,8746.07,7785.07,FALSE,FALSE
2025,57,FIRE DEPARTMENT,2/13/2023,BRONX,EMERGENCY MEDICAL SPECIALIST-EMT,ACTIVE,42357,per Annum,2285.25,42685.74,7.5,954.82,6435.54,FALSE,FALSE
2025,57,FIRE DEPARTMENT,10/11/2022,BRONX,EMERGENCY MEDICAL SPECIALIST-EMT,ACTIVE,42357,per Annum,2289,43335.28,293.25,8326.49,3794.36,FALSE,FALSE
2025,57,FIRE DEPARTMENT,2/13/2023,BRONX,EMERGENCY MEDICAL SPECIALIST-EMT,ACTIVE,42357,per Annum,2297.5,43643.75,35.75,1767.63,7748,FALSE,FALSE
2025,57,FIRE DEPARTMENT,10/11/2022,BRONX,EMERGENCY MEDICAL SPECIALIST-EMT,ACTIVE,42357,per Annum,2392,45578.94,282,7382.46,8688.67,FALSE,FALSE
2025,57,FIRE DEPARTMENT,10/11/2022,BRONX,EMERGENCY MEDICAL SPECIALIST-EMT,ACTIVE,42357,per Annum,2359.25,45005.6,96.25,2500.2,7020.96,FALSE,FALSE
2025,57,FIRE DEPARTMENT,2/13/2023,BRONX,EMERGENCY MEDICAL SPECIALIST-EMT,ACTIVE,42357,per Annum,2297.5,43673.68,149.75,6158.19,7001.64,FALSE,FALSE
2025,57,FIRE DEPARTMENT,5/23/2022,BRONX,EMERGENCY MEDICAL SPECIALIST-EMT,ACTIVE,42357,per Annum,2262,32458.65,138.18,3815.46,3080.23,FALSE,FALSE
2025,57,FIRE DEPARTMENT,10/11/2022,BRONX,EMERGENCY MEDICAL SPECIALIST-EMT,ACTIVE,42357,per Annum,2388,45484.59,283.17,8159.64,4398.39,FALSE,FALSE
2025,57,FIRE DEPARTMENT,2/12/2023,BRONX,EMERGENCY MEDICAL SPECIALIST-EMT,ACTIVE,42357,per Annum,2294.5,41498.29,57,1219.28,8328.42,FALSE,FALSE
2025,57,FIRE DEPARTMENT,5/23/2022,BRONX,EMERGENCY MEDICAL SPECIALIST-EMT,ACTIVE,42357,per Annum,2296.75,42071.94,428.5,14111.2,5763.83,FALSE,FALSE
2025,57,FIRE DEPARTMENT,2/13/2023,BRONX,EMERGENCY MEDICAL SPECIALIST-EMT,ACTIVE,42357,per Annum,2337.52,42646.1,341.75,10062.93,4810.9,FALSE,FALSE
2025,57,FIRE DEPARTMENT,2/13/2023,BRONX,EMERGENCY MEDICAL SPECIALIST-EMT,ACTIVE,42357,per Annum,2355.5,39242.53,329.5,9524.2,5042.89,FALSE,FALSE
2025,57,FIRE DEPARTMENT,2/13/2023,BRONX,EMERGENCY MEDICAL SPECIALIST-EMT,ACTIVE,42357,per Annum,2294,43798.31,20,642,7050.77,FALSE,FALSE
2025,57,FIRE DEPARTMENT,2/13/2023,BRONX,EMERGENCY MEDICAL SPECIALIST-EMT,ACTIVE,42357,per Annum,1938.75,34572.87,58.25,979.33,7456.19,FALSE,FALSE
2025,57,FIRE DEPARTMENT,5/23/2022,BRONX,EMERGENCY MEDICAL SPECIALIST-EMT,ACTIVE,42357,per Annum,2296.25,42762.58,279.75,8611.62,7308.94,FALSE,FALSE
2025,57,FIRE DEPARTMENT,2/13/2023,BRONX,EMERGENCY MEDICAL SPECIALIST-EMT,ACTIVE,42357,per Annum,2372,44626.56,366.75,10560.12,8695.42,FALSE,FALSE
2025,57,FIRE DEPARTMENT,10/11/2022,BRONX,EMERGENCY MEDICAL SPECIALIST-EMT,ACTIVE,42357,per Annum,2297.75,44185.35,226.08,5826.21,7020.69,FALSE,FALSE
2025,57,FIRE DEPARTMENT,5/23/2022,BRONX,EMERGENCY MEDICAL SPECIALIST-EMT,ACTIVE,42357,per Annum,2348,41647.72,114.07,2905.39,6065.99,FALSE,FALSE
2025,57,FIRE DEPARTMENT,2/13/2023,BRONX,EMERGENCY MEDICAL SPECIALIST-EMT,ACTIVE,42357,per Annum,2296.25,43935.07,184,4544.19,7621.4,FALSE,FALSE
2025,57,FIRE DEPARTMENT,10/11/2022,BRONX,EMERGENCY MEDICAL SPECIALIST-EMT,ACTIVE,42357,per Annum,2241.75,42874.38,350.08,10979.38,4294.43,FALSE,FALSE
2025,57,FIRE DEPARTMENT,10/11/2022,BRONX,EMERGENCY MEDICAL SPECIALIST-EMT,ACTIVE,42357,per Annum,2297.5,44180.29,518,18335.38,6084.8,FALSE,FALSE
2025,57,FIRE DEPARTMENT,5/23/2022,BRONX,EMERGENCY MEDICAL SPECIALIST-EMT,ACTIVE,42357,per Annum,2301,42964.09,217.25,8056.46,8192.58,FALSE,FALSE
2025,69,HRA/DEPT OF SOCIAL SERVICES,4/10/2023,BRONX,ELIGIBILITY SPECIALIST,CEASED,42484,per Annum,1344.37,31198.56,12,337.18,265.15,FALSE,FALSE
2025,69,HRA/DEPT OF SOCIAL SERVICES,4/24/2023,BRONX,ELIGIBILITY SPECIALIST,CEASED,42484,per Annum,1050,22879.5,189.75,5245.94,1608.53,FALSE,FALSE
2025,69,HRA/DEPT OF SOCIAL SERVICES,3/6/2023,BRONX,ELIGIBILITY SPECIALIST,CEASED,42484,per Annum,490,3325.26,16.25,467.99,329.98,FALSE,FALSE
2025,69,HRA/DEPT OF SOCIAL SERVICES,5/1/2023,BRONX,ELIGIBILITY SPECIALIST,CEASED,42484,per Annum,28,719,28.25,759.54,144.41,FALSE,FALSE
2025,69,HRA/DEPT OF SOCIAL SERVICES,3/13/2023,BRONX,ELIGIBILITY SPECIALIST,CEASED,42484,per Annum,852,11456.31,41.75,1169.97,334.81,FALSE,FALSE
2025,69,HRA/DEPT OF SOCIAL SERVICES,6/3/2024,BRONX,ELIGIBILITY SPECIALIST,CEASED,42485,per Annum,350,814.44,0,0,-651.8,FALSE,FALSE
2025,69,HRA/DEPT OF SOCIAL SERVICES,3/11/2024,BRONX,ELIGIBILITY SPECIALIST,CEASED,42485,per Annum,770,6584.45,0,0,162.92,FALSE,FALSE
2025,69,HRA/DEPT OF SOCIAL SERVICES,9/25/2023,BRONX,ELIGIBILITY SPECIALIST,CEASED,42485,per Annum,1275,29258.57,250.5,7369.99,78.32,FALSE,FALSE
2025,69,HRA/DEPT OF SOCIAL SERVICES,6/26/2023,BRONX,ELIGIBILITY SPECIALIST,CEASED,42485,per Annum,1043.93,24368.24,0,0,0,FALSE,FALSE
2025,69,HRA/DEPT OF SOCIAL SERVICES,11/27/2023,BRONX,ELIGIBILITY SPECIALIST,CEASED,42485,per Annum,1066.5,21283.17,2.5,59.85,0,FALSE,FALSE
2025,69,HRA/DEPT OF SOCIAL SERVICES,2/20/2024,BRONX,ELIGIBILITY SPECIALIST,CEASED,42485,per Annum,1190,19687.16,0,0,162.96,FALSE,FALSE
2025,69,HRA/DEPT OF SOCIAL SERVICES,7/3/2023,BRONX,ELIGIBILITY SPECIALIST,CEASED,42485,per Annum,995,22697.46,0,0,488.88,FALSE,FALSE
2025,69,HRA/DEPT OF SOCIAL SERVICES,9/18/2023,BRONX,ELIGIBILITY SPECIALIST,CEASED,42485,per Annum,1285.03,27985.94,21.75,554.07,39.86,FALSE,FALSE
2025,69,HRA/DEPT OF SOCIAL SERVICES,6/3/2024,BRONX,ELIGIBILITY SPECIALIST,CEASED,42485,per Annum,1073,21078.12,0,0,0,FALSE,FALSE
2025,69,HRA/DEPT OF SOCIAL SERVICES,4/8/2024,BRONX,ELIGIBILITY SPECIALIST,CEASED,42485,per Annum,420,9680.61,0,0,0,FALSE,FALSE
2025,69,HRA/DEPT OF SOCIAL SERVICES,2/20/2024,BRONX,ELIGIBILITY SPECIALIST,CEASED,42485,per Annum,910,19295.01,5,116.27,1396.76,FALSE,FALSE
2025,69,HRA/DEPT OF SOCIAL SERVICES,12/18/2023,BRONX,ELIGIBILITY SPECIALIST,CEASED,42485,per Annum,140,1562.23,3,71.78,1303.32,FALSE,FALSE
2025,69,HRA/DEPT OF SOCIAL SERVICES,2/26/2024,BRONX,ELIGIBILITY SPECIALIST,CEASED,42485,per Annum,1428,32788.7,25.5,604.6,300.98,FALSE,FALSE
2025,69,HRA/DEPT OF SOCIAL SERVICES,9/25/2023,BRONX,ELIGIBILITY SPECIALIST,CEASED,42485,per Annum,1330,31027.85,101.75,2660.3,1486.03,FALSE,FALSE
2025,740,DEPARTMENT OF EDUCATION ADMIN,3/3/2024,BRONX,COMMUNITY ASSOCIATE,CEASED,43033,per Annum,420,7566.09,2.5,88.33,8.25,FALSE,FALSE
2025,740,DEPARTMENT OF EDUCATION ADMIN,8/27/2023,BRONX,COMMUNITY ASSOCIATE,ON LEAVE,43033,per Annum,1190,22362.86,0,0,2008.25,FALSE,FALSE
2025,740,DEPARTMENT OF EDUCATION ADMIN,6/20/2024,BRONX,COMMUNITY ASSOCIATE,CEASED,43033,per Annum,699,15988.28,0,0,0,FALSE,FALSE
2025,56,POLICE DEPARTMENT,11/30/2021,BRONX,SCHOOL SAFETY AGENT,ACTIVE,43093,per Annum,2080,40855.29,287.5,8535.17,1500,FALSE,FALSE
2025,56,POLICE DEPARTMENT,11/30/2021,BRONX,SCHOOL SAFETY AGENT,ACTIVE,43093,per Annum,2080,40855.29,135.5,4064.98,1655.48,FALSE,FALSE
2025,56,POLICE DEPARTMENT,11/30/2021,BRONX,SCHOOL SAFETY AGENT,ACTIVE,43093,per Annum,2080,40855.29,620.5,18287.81,1572.64,FALSE,FALSE
2025,56,POLICE DEPARTMENT,11/30/2021,BRONX,SCHOOL SAFETY AGENT,ACTIVE,43093,per Annum,2080,40855.29,249,7384.95,1500,FALSE,FALSE
2025,56,POLICE DEPARTMENT,11/30/2021,BRONX,SCHOOL SAFETY AGENT,ACTIVE,43093,per Annum,2080,40855.29,714.5,21258.02,1608.87,FALSE,FALSE
2025,56,POLICE DEPARTMENT,11/30/2021,BRONX,SCHOOL SAFETY AGENT,ACTIVE,43093,per Annum,2080,40756.12,504.75,14878.27,1500,FALSE,FALSE
2025,56,POLICE DEPARTMENT,11/30/2021,BRONX,SCHOOL SAFETY AGENT,ACTIVE,43093,per Annum,2080,40855.29,216.75,6497.06,1500,FALSE,FALSE
2025,56,POLICE DEPARTMENT,11/20/2023,BRONX,POLICE ATTENDANT,ACTIVE,43207,per Annum,2080,41551.07,561,17545.7,4059.89,FALSE,FALSE
2025,56,POLICE DEPARTMENT,8/28/2023,BRONX,POLICE ATTENDANT,ACTIVE,43207,per Annum,2080,41872.09,440,13403.09,1906.16,FALSE,FALSE
2025,740,DEPARTMENT OF EDUCATION ADMIN,11/18/2009,BRONX,COMMUNITY ASSISTANT,CEASED,43353,per Annum,1715,37619.85,0,0,783.52,FALSE,FALSE
2025,740,DEPARTMENT OF EDUCATION ADMIN,3/2/2018,BRONX,COMMUNITY ASSISTANT,ACTIVE,43353,per Annum,1820,42013.24,49.5,1229.55,8.25,FALSE,FALSE
2025,740,DEPARTMENT OF EDUCATION ADMIN,11/29/2016,BRONX,COMMUNITY ASSISTANT,ACTIVE,43353,per Annum,1329,31801.65,37.5,1292.73,33,FALSE,FALSE
2025,740,DEPARTMENT OF EDUCATION ADMIN,1/14/2013,BRONX,COMMUNITY ASSISTANT,ACTIVE,43353,per Annum,1820,42013.24,5.5,189.6,49.5,FALSE,FALSE
2025,740,DEPARTMENT OF EDUCATION ADMIN,3/31/2014,BRONX,COMMUNITY ASSISTANT,ACTIVE,43353,per Annum,1820,42013.24,3,103.42,17,FALSE,FALSE
2025,740,DEPARTMENT OF EDUCATION ADMIN,6/11/2021,BRONX,COMMUNITY ASSISTANT,ACTIVE,43353,per Annum,1820,42013.24,0,0,0,FALSE,FALSE
2025,827,DEPARTMENT OF SANITATION,2/16/2016,BRONX,CITY ATTENDANT,ACTIVE,43421,per Annum,1704,32884.35,0,0,152.35,FALSE,FALSE
2025,56,POLICE DEPARTMENT,11/30/2011,BRONX,COMMUNITY ASSISTANT,ACTIVE,43460,per Annum,2080,42117.33,0,0,29.2,FALSE,FALSE
2025,56,POLICE DEPARTMENT,8/21/2018,BRONX,COMMUNITY ASSISTANT,ACTIVE,43460,per Annum,2080,42117.33,0,0,0,FALSE,FALSE
2025,56,POLICE DEPARTMENT,11/29/2021,BRONX,COMMUNITY ASSISTANT,ACTIVE,43460,per Annum,2080,42117.33,0,0,0,FALSE,FALSE
2025,56,POLICE DEPARTMENT,10/1/2021,BRONX,COMMUNITY ASSISTANT,ACTIVE,43460,per Annum,2080,42117.33,0,0,364.41,FALSE,FALSE
2025,56,POLICE DEPARTMENT,9/30/2019,BRONX,COMMUNITY ASSISTANT,ACTIVE,43460,per Annum,1416,28328.39,0,0,0,FALSE,FALSE
2025,56,POLICE DEPARTMENT,9/4/2018,BRONX,COMMUNITY ASSISTANT,ACTIVE,43460,per Annum,2080,42117.33,0.5,5.04,84.17,FALSE,FALSE
2025,56,POLICE DEPARTMENT,10/29/2021,BRONX,COMMUNITY ASSISTANT,ACTIVE,43460,per Annum,2080,34565.96,0,0,128.23,FALSE,FALSE
2025,56,POLICE DEPARTMENT,10/12/2016,BRONX,COMMUNITY ASSISTANT,ACTIVE,43460,per Annum,2080,42117.33,0,0,0,FALSE,FALSE
2025,56,POLICE DEPARTMENT,3/23/2020,BRONX,COMMUNITY ASSISTANT,ACTIVE,43460,per Annum,2080,42117.33,0,0,13.28,FALSE,FALSE
2025,56,POLICE DEPARTMENT,5/14/2018,BRONX,COMMUNITY ASSISTANT,ACTIVE,43460,per Annum,2080,36215.34,0,0,12.19,FALSE,FALSE
2025,56,POLICE DEPARTMENT,9/24/2010,BRONX,COMMUNITY ASSISTANT,ACTIVE,43460,per Annum,2080,42117.33,0,0,1230.71,FALSE,FALSE
2025,56,POLICE DEPARTMENT,2/18/2020,BRONX,COMMUNITY ASSISTANT,ACTIVE,43460,per Annum,2080,38212.06,0,0,387,FALSE,FALSE
2025,69,HRA/DEPT OF SOCIAL SERVICES,3/27/2023,BRONX,ELIGIBILITY SPECIALIST,ON LEAVE,43865,per Annum,280,4809.29,0,0,1326.9,FALSE,FALSE
2025,69,HRA/DEPT OF SOCIAL SERVICES,10/10/2023,BRONX,ELIGIBILITY SPECIALIST,ACTIVE,43866,per Annum,1820,42510.44,107.75,2759.46,542.95,FALSE,FALSE
2025,69,HRA/DEPT OF SOCIAL SERVICES,10/10/2023,BRONX,ELIGIBILITY SPECIALIST,ACTIVE,43866,per Annum,1890,43723.59,16,404.05,266.49,FALSE,FALSE
2025,69,HRA/DEPT OF SOCIAL SERVICES,2/20/2024,BRONX,ELIGIBILITY SPECIALIST,ACTIVE,43866,per Annum,1820,35420.04,0,0,0,FALSE,FALSE
2025,69,HRA/DEPT OF SOCIAL SERVICES,6/3/2024,BRONX,ELIGIBILITY SPECIALIST,ACTIVE,43866,per Annum,1820,41662.3,0,0,0,FALSE,FALSE
2025,69,HRA/DEPT OF SOCIAL SERVICES,2/26/2024,BRONX,ELIGIBILITY SPECIALIST,ACTIVE,43866,per Annum,1820,42505.71,138.25,3973.44,530.34,FALSE,FALSE
2025,69,HRA/DEPT OF SOCIAL SERVICES,6/3/2024,BRONX,ELIGIBILITY SPECIALIST,ACTIVE,43866,per Annum,1820,42470.08,0,0,118.77,FALSE,FALSE
2025,69,HRA/DEPT OF SOCIAL SERVICES,10/2/2023,BRONX,ELIGIBILITY SPECIALIST,ACTIVE,43866,per Annum,1820,42510.44,13.5,313.91,804.59,FALSE,FALSE
2025,69,HRA/DEPT OF SOCIAL SERVICES,7/3/2023,BRONX,ELIGIBILITY SPECIALIST,ACTIVE,43866,per Annum,1820,41782.94,0,0,0,FALSE,FALSE
2025,69,HRA/DEPT OF SOCIAL SERVICES,6/3/2024,BRONX,ELIGIBILITY SPECIALIST,ACTIVE,43866,per Annum,1820,42429.35,15.25,390.18,81.03,FALSE,FALSE
2025,69,HRA/DEPT OF SOCIAL SERVICES,9/25/2023,BRONX,ELIGIBILITY SPECIALIST,CEASED,43866,per Annum,1750,40827.91,320.5,8868.13,239.93,FALSE,FALSE
2025,69,HRA/DEPT OF SOCIAL SERVICES,5/20/2024,BRONX,ELIGIBILITY SPECIALIST,ACTIVE,43866,per Annum,1820,40075.86,169,5312.79,365.09,FALSE,FALSE
2025,69,HRA/DEPT OF SOCIAL SERVICES,6/3/2024,BRONX,ELIGIBILITY SPECIALIST,ACTIVE,43866,per Annum,1820,41790.9,147.5,4225.56,155.83,FALSE,FALSE
2025,69,HRA/DEPT OF SOCIAL SERVICES,9/25/2023,BRONX,ELIGIBILITY SPECIALIST,ACTIVE,43866,per Annum,1820,42510.44,0,0,0,FALSE,FALSE
2025,69,HRA/DEPT OF SOCIAL SERVICES,3/18/2024,BRONX,ELIGIBILITY SPECIALIST,ACTIVE,43866,per Annum,1820,42510.44,3.75,135.06,320.56,FALSE,FALSE
2025,69,HRA/DEPT OF SOCIAL SERVICES,2/12/2024,BRONX,ELIGIBILITY SPECIALIST,ACTIVE,43866,per Annum,1820,41689.82,44.5,1488.22,123.75,FALSE,FALSE
2025,69,HRA/DEPT OF SOCIAL SERVICES,1/22/2024,BRONX,ELIGIBILITY SPECIALIST,ACTIVE,43866,per Annum,1820,42347.1,2,46.51,25.25,FALSE,FALSE
2025,69,HRA/DEPT OF SOCIAL SERVICES,3/11/2024,BRONX,ELIGIBILITY SPECIALIST,ACTIVE,43866,per Annum,1820,42510.44,303.5,8770.55,517.48,FALSE,FALSE
2025,69,HRA/DEPT OF SOCIAL SERVICES,6/17/2024,BRONX,ELIGIBILITY SPECIALIST,ACTIVE,43866,per Annum,1820,39290.55,0,0,0,FALSE,FALSE
2025,69,HRA/DEPT OF SOCIAL SERVICES,6/3/2024,BRONX,ELIGIBILITY SPECIALIST,ACTIVE,43866,per Annum,1778,40939.38,18,524.44,149.79,FALSE,FALSE
2025,69,HRA/DEPT OF SOCIAL SERVICES,2/26/2024,BRONX,ELIGIBILITY SPECIALIST,ACTIVE,43866,per Annum,1820,42067.36,29.5,709.2,77.07,FALSE,FALSE
2025,69,HRA/DEPT OF SOCIAL SERVICES,11/27/2023,BRONX,ELIGIBILITY SPECIALIST,ACTIVE,43866,per Annum,1820,42508.58,25,703.43,963.27,FALSE,FALSE
2025,69,HRA/DEPT OF SOCIAL SERVICES,10/16/2023,BRONX,ELIGIBILITY SPECIALIST,ACTIVE,43866,per Annum,1820,42343.2,199.25,5726.77,380.36,FALSE,FALSE
2025,69,HRA/DEPT OF SOCIAL SERVICES,7/3/2023,BRONX,ELIGIBILITY SPECIALIST,ACTIVE,43866,per Annum,1456,34037.05,0,0,24.75,FALSE,FALSE
2025,69,HRA/DEPT OF SOCIAL SERVICES,1/29/2024,BRONX,ELIGIBILITY SPECIALIST,ACTIVE,43866,per Annum,1820,42498.65,0,0,33,FALSE,FALSE
2025,69,HRA/DEPT OF SOCIAL SERVICES,1/2/2024,BRONX,ELIGIBILITY SPECIALIST,ON LEAVE,43866,per Annum,1750,37882.01,0,0,90.75,FALSE,FALSE
2025,69,HRA/DEPT OF SOCIAL SERVICES,1/2/2024,BRONX,ELIGIBILITY SPECIALIST,ACTIVE,43866,per Annum,1820,42510.44,12.75,438.92,115.5,FALSE,FALSE
2025,69,HRA/DEPT OF SOCIAL SERVICES,7/10/2023,BRONX,ELIGIBILITY SPECIALIST,ACTIVE,43866,per Annum,1358,31505.02,318.75,10564.4,1558.37,FALSE,FALSE
2025,69,HRA/DEPT OF SOCIAL SERVICES,5/28/2024,BRONX,ELIGIBILITY SPECIALIST,ACTIVE,43866,per Annum,1820,41885,0,0,0,FALSE,FALSE
2025,69,HRA/DEPT OF SOCIAL SERVICES,1/22/2024,BRONX,ELIGIBILITY SPECIALIST,ACTIVE,43866,per Annum,1820,42021.56,160.25,4946.78,918.85,FALSE,FALSE
2025,69,HRA/DEPT OF SOCIAL SERVICES,5/28/2024,BRONX,ELIGIBILITY SPECIALIST,ACTIVE,43866,per Annum,1820,42171.37,0,0,66,FALSE,FALSE
2025,69,HRA/DEPT OF SOCIAL SERVICES,1/16/2024,BRONX,ELIGIBILITY SPECIALIST,ACTIVE,43866,per Annum,1820,42510.44,415.5,13848.58,2072.94,FALSE,FALSE
2025,69,HRA/DEPT OF SOCIAL SERVICES,5/28/2024,BRONX,ELIGIBILITY SPECIALIST,ACTIVE,43866,per Annum,1820,40341.37,0,0,0,FALSE,FALSE
2025,69,HRA/DEPT OF SOCIAL SERVICES,6/10/2024,BRONX,ELIGIBILITY SPECIALIST,ACTIVE,43866,per Annum,1855,42204.41,0,0,0,FALSE,FALSE
2025,69,HRA/DEPT OF SOCIAL SERVICES,3/11/2024,BRONX,ELIGIBILITY SPECIALIST,ACTIVE,43866,per Annum,1820,42021.56,192.25,5528.51,352.21,FALSE,FALSE
2025,69,HRA/DEPT OF SOCIAL SERVICES,10/10/2023,BRONX,ELIGIBILITY SPECIALIST,ACTIVE,43866,per Annum,2030,38454.3,133.25,3646.68,1924.07,FALSE,FALSE
2025,69,HRA/DEPT OF SOCIAL SERVICES,11/20/2023,BRONX,ELIGIBILITY SPECIALIST,ACTIVE,43866,per Annum,1820,26125.44,7.75,180.21,0,FALSE,FALSE
2025,69,HRA/DEPT OF SOCIAL SERVICES,9/25/2023,BRONX,ELIGIBILITY SPECIALIST,ACTIVE,43866,per Annum,1820,42510.44,36.25,1203.39,1091.31,FALSE,FALSE
2025,69,HRA/DEPT OF SOCIAL SERVICES,10/10/2023,BRONX,ELIGIBILITY SPECIALIST,ACTIVE,43866,per Annum,1820,42510.44,1,23.25,69.76,FALSE,FALSE
2025,69,HRA/DEPT OF SOCIAL SERVICES,3/18/2024,BRONX,ELIGIBILITY SPECIALIST,ACTIVE,43866,per Annum,1820,39466.62,0,0,0,FALSE,FALSE
2025,69,HRA/DEPT OF SOCIAL SERVICES,3/4/2013,BRONX,CLERICAL ASSOCIATE MOST MAYORAL AG,ACTIVE,43899,per Annum,1820,42542.52,908,30254.15,3871.31,FALSE,FALSE
2025,69,HRA/DEPT OF SOCIAL SERVICES,2/13/2006,BRONX,CLERICAL ASSOCIATE MOST MAYORAL AG,ON LEAVE,43899,per Annum,1757,35013.36,90.25,2354.33,4659.67,FALSE,FALSE
2025,69,HRA/DEPT OF SOCIAL SERVICES,6/28/2010,BRONX,CLERICAL ASSOCIATE MOST MAYORAL AG,ACTIVE,43899,per Annum,1820,42542.52,256,9327.42,4435.77,FALSE,FALSE
2025,69,HRA/DEPT OF SOCIAL SERVICES,4/12/2010,BRONX,CLERICAL ASSOCIATE MOST MAYORAL AG,ON LEAVE,43899,per Annum,1820,39618.22,0,0,2210.18,FALSE,FALSE
2025,69,HRA/DEPT OF SOCIAL SERVICES,10/24/2011,BRONX,CLERICAL ASSOCIATE MOST MAYORAL AG,ACTIVE,43899,per Annum,1820,42542.52,204.75,5624.67,4788.88,FALSE,FALSE
2025,69,HRA/DEPT OF SOCIAL SERVICES,6/28/2011,BRONX,CLERICAL ASSOCIATE MOST MAYORAL AG,ACTIVE,44030,per Annum,1820,42647.31,0,0,6190.15,FALSE,FALSE
2025,69,HRA/DEPT OF SOCIAL SERVICES,12/26/2000,BRONX,CLERICAL ASSOCIATE MOST MAYORAL AG,ACTIVE,44155,per Annum,1820,42768.34,593.5,20997.86,8112.15,FALSE,FALSE
2025,827,DEPARTMENT OF SANITATION,1/21/2014,BRONX,SANITATION ENFORCEMENT AGENT,ACTIVE,44259,per Annum,2080,31785.34,0,0,3688.57,FALSE,FALSE
2025,827,DEPARTMENT OF SANITATION,6/24/2013,BRONX,SANITATION ENFORCEMENT AGENT,ACTIVE,44259,per Annum,2080,44132.89,0,0,4385.38,FALSE,FALSE
2025,827,DEPARTMENT OF SANITATION,2/23/2009,BRONX,SANITATION ENFORCEMENT AGENT,ACTIVE,44259,per Annum,2080,43941.91,40,1347.26,4828.17,FALSE,FALSE
2025,827,DEPARTMENT OF SANITATION,6/24/2013,BRONX,SANITATION ENFORCEMENT AGENT,ACTIVE,44259,per Annum,2080,42080.37,28,844.17,5070.79,FALSE,FALSE
2025,827,DEPARTMENT OF SANITATION,9/10/2012,BRONX,SANITATION ENFORCEMENT AGENT,ACTIVE,44259,per Annum,2080,44132.89,40,1350.67,4353.2,FALSE,FALSE
2025,69,HRA/DEPT OF SOCIAL SERVICES,6/5/1989,BRONX,CLERICAL ASSOCIATE MOST MAYORAL AG,ACTIVE,44365,per Annum,1820,42971.56,0,0,8928.63,FALSE,FALSE
2025,56,POLICE DEPARTMENT,3/24/2017,BRONX,SCHOOL SAFETY AGENT,ACTIVE,44388,per Annum,2080,42727.97,134,4123.6,1500,FALSE,FALSE
2025,56,POLICE DEPARTMENT,1/29/2020,BRONX,SCHOOL SAFETY AGENT,ACTIVE,44388,per Annum,2080,42727.97,375,11609.87,1671.31,FALSE,FALSE
2025,56,POLICE DEPARTMENT,1/29/2020,BRONX,SCHOOL SAFETY AGENT,ACTIVE,44388,per Annum,2080,42727.97,282.25,8721.91,1582.56,FALSE,FALSE
2025,56,POLICE DEPARTMENT,10/1/2019,BRONX,SCHOOL SAFETY AGENT,ACTIVE,44388,per Annum,1608,24087.58,5,130.25,1524.75,FALSE,FALSE
2025,56,POLICE DEPARTMENT,5/31/2019,BRONX,SCHOOL SAFETY AGENT,ACTIVE,44388,per Annum,2080,32965.94,97.75,2508.52,1509.57,FALSE,FALSE
2025,56,POLICE DEPARTMENT,1/29/2020,BRONX,SCHOOL SAFETY AGENT,ACTIVE,44388,per Annum,2000,40669.66,49.5,1459.24,1541.25,FALSE,FALSE
2025,56,POLICE DEPARTMENT,1/29/2020,BRONX,SCHOOL SAFETY AGENT,ACTIVE,44388,per Annum,2080,42727.97,410.75,12680.31,1577.4,FALSE,FALSE
2025,740,DEPARTMENT OF EDUCATION ADMIN,9/5/2023,BRONX,COMMUNITY ASSOCIATE,ACTIVE,44432,per Annum,1820,43058.81,9,317.98,83,FALSE,FALSE
2025,740,DEPARTMENT OF EDUCATION ADMIN,10/22/2023,BRONX,COMMUNITY ASSOCIATE,ACTIVE,44432,per Annum,1820,42735.68,17.5,435.78,2024.75,FALSE,FALSE
2025,740,DEPARTMENT OF EDUCATION ADMIN,8/22/2023,BRONX,COMMUNITY ASSOCIATE,ACTIVE,44432,per Annum,1820,43058.81,0,0,2008.25,FALSE,FALSE
2025,740,DEPARTMENT OF EDUCATION ADMIN,6/9/2024,BRONX,COMMUNITY ASSOCIATE,ACTIVE,44432,per Annum,1820,42024.51,10,294.43,16.5,FALSE,FALSE
2025,740,DEPARTMENT OF EDUCATION ADMIN,2/4/2024,BRONX,COMMUNITY ASSOCIATE,ACTIVE,44432,per Annum,1820,43058.81,26,722.89,57.75,FALSE,FALSE
2025,740,DEPARTMENT OF EDUCATION ADMIN,9/7/2023,BRONX,COMMUNITY ASSOCIATE,ACTIVE,44432,per Annum,1260,30888.21,8.5,310.08,8.75,FALSE,FALSE
2025,740,DEPARTMENT OF EDUCATION ADMIN,8/27/2023,BRONX,COMMUNITY ASSOCIATE,ACTIVE,44432,per Annum,1820,43058.81,33,1154.13,2157.75,FALSE,FALSE
2025,740,DEPARTMENT OF EDUCATION ADMIN,9/5/2023,BRONX,COMMUNITY ASSOCIATE,ACTIVE,44432,per Annum,1820,43058.81,25.75,909.78,2116.5,FALSE,FALSE
2025,740,DEPARTMENT OF EDUCATION ADMIN,11/12/2023,BRONX,COMMUNITY ASSOCIATE,ACTIVE,44432,per Annum,1820,43058.81,66.5,2352.95,2289.75,FALSE,FALSE
2025,740,DEPARTMENT OF EDUCATION ADMIN,5/16/2024,BRONX,COMMUNITY ASSOCIATE,ACTIVE,44432,per Annum,1820,43058.81,101.25,3550.77,346.5,FALSE,FALSE
2025,740,DEPARTMENT OF EDUCATION ADMIN,1/2/2024,BRONX,COMMUNITY ASSOCIATE,ACTIVE,44432,per Annum,1820,43058.81,0,0,0,FALSE,FALSE
2025,740,DEPARTMENT OF EDUCATION ADMIN,7/9/2023,BRONX,COMMUNITY ASSOCIATE,ACTIVE,44432,per Annum,1820,43030.51,104.25,3330.23,2132,FALSE,FALSE
2025,740,DEPARTMENT OF EDUCATION ADMIN,5/5/2024,BRONX,COMMUNITY ASSOCIATE,ACTIVE,44432,per Annum,1820,42935.35,1.5,53,0,FALSE,FALSE